#DB_VERSION: 1,,,,,,,,,,,,,,,,,,,,
#No,Connection_ID,Tag,Describe,LOW,HI,Unit,Device_ID,Comment,Station_ID,List_No,TestValue,TotalOffset,Chassis,Slot,Channel,OverLower(/100%),OverUpper(/100%),OverDeadZone,OverSettings,Type
#,,,,,,,,,,,,,,,,,,,,
#YJ5_38,,,,,,,,,,,,,,,,,,,,
0,1,ZRCV005MD,LETDOWN FLOW,0,1,-,38,SIMHW_SBA,38,960,0.2139767,0x9003c0,2,2,1,0.1,0.1,0,4,
1,1,ZRCV018MD,CHARGING FLOW,0,1,-,38,SIMHW_SBA,38,964,0.08727721,0x9003c4,2,2,2,0.1,0.1,0,4,
2,1,ZREA060MD,DIRECT BOR. LINE FL.,0,1,-,38,SIMHW_SBA,38,968,1.34E-05,0x9003c8,2,2,3,0.1,0.1,0,4,
3,1,ZRIC001MT,CORE OUTLET TEMP.,-10,60,mV,38,SIMHW_SBA,38,972,13.22647,0x9003cc,2,2,4,0.1,0.1,0,4,TC_K
4,1,ZRIC003MT,CORE OUTLET TEMP.,-10,60,mV,38,SIMHW_SBA,38,976,13.24984,0x9003d0,2,2,5,0.1,0.1,0,4,TC_K
5,1,ZRIC005MT,CORE OUTLET TEMP.,-10,60,mV,38,SIMHW_SBA,38,980,13.24984,0x9003d4,2,2,6,0.1,0.1,0,4,TC_K
6,1,ZRIC008MT,CORE OUTLET TEMP.,-10,60,mV,38,SIMHW_SBA,38,984,13.33329,0x9003d8,2,2,7,0.1,0.1,0,4,TC_K
7,1,ZRIC010MT,CORE OUTLET TEMP.,-10,60,mV,38,SIMHW_SBA,38,988,13.59365,0x9003dc,2,2,8,0.1,0.1,0,4,TC_K
8,1,ZRIC012MT,CORE OUTLET TEMP.,-10,60,mV,38,SIMHW_SBA,38,992,13.32327,0x9003e0,2,2,9,0.1,0.1,0,4,TC_K
9,1,ZRIC014MT,CORE OUTLET TEMP.,-10,60,mV,38,SIMHW_SBA,38,996,13.22647,0x9003e4,2,2,10,0.1,0.1,0,4,TC_K
10,1,ZRIC016MT,CORE OUTLET TEMP.,-10,60,mV,38,SIMHW_SBA,38,1000,13.59365,0x9003e8,2,2,11,0.1,0.1,0,4,TC_K
11,1,ZRIC018MT,CORE OUTLET TEMP.,-10,60,mV,38,SIMHW_SBA,38,1004,13.58364,0x9003ec,2,2,12,0.1,0.1,0,4,TC_K
12,1,ZRIC020MT,CORE OUTLET TEMP.,-10,60,mV,38,SIMHW_SBA,38,1008,13.25985,0x9003f0,2,2,13,0.1,0.1,0,4,TC_K
13,1,ZRIC022MT,CORE OUTLET TEMP.,-10,60,mV,38,SIMHW_SBA,38,1012,13.51354,0x9003f4,2,2,14,0.1,0.1,0,4,TC_K
14,1,ZRIC024MT,CORE OUTLET TEMP.,-10,60,mV,38,SIMHW_SBA,38,1016,13.5102,0x9003f8,2,2,15,0.1,0.1,0,4,TC_K
15,1,ZRIC026MT,CORE OUTLET TEMP.,-10,60,mV,38,SIMHW_SBA,38,1020,13.51354,0x9003fc,2,2,16,0.1,0.1,0,4,TC_K
16,1,ZRIC028MT,CORE OUTLET TEMP.,-10,60,mV,38,SIMHW_SBA,38,1040,13.21646,0x900410,2,3,1,0.1,0.1,0,4,TC_K
17,1,ZRIC030MT,CORE OUTLET TEMP.,-10,60,mV,38,SIMHW_SBA,38,1044,13.59031,0x900414,2,3,2,0.1,0.1,0,4,TC_K
18,1,ZRIC032MT,CORE OUTLET TEMP.,-10,60,mV,38,SIMHW_SBA,38,1048,13.59031,0x900418,2,3,3,0.1,0.1,0,4,TC_K
19,1,ZRIC034MT,CORE OUTLET TEMP.,-10,60,mV,38,SIMHW_SBA,38,1052,13.23983,0x90041c,2,3,4,0.1,0.1,0,4,TC_K
20,1,ZRIC035MT,CORE HEAD TEMP.,-10,60,mV,38,SIMHW_SBA,38,1056,11.95137,0x900420,2,3,5,0.1,0.1,0,4,TC_K
21,1,ZRIC037MT,CORE OUTLET TEMP.,-10,60,mV,38,SIMHW_SBA,38,1060,13.38336,0x900424,2,3,6,0.1,0.1,0,4,TC_K
22,1,ZRIC039MT,CORE OUTLET TEMP.,-10,60,mV,38,SIMHW_SBA,38,1064,13.26987,0x900428,2,3,7,0.1,0.1,0,4,TC_K
23,1,ZDVD001MT,DG ROOM AIR TEMP.,95,255,次,38,SIMHW_SBA,38,1068,112.2604,0x90042c,2,3,8,0.1,0.1,0,4,PT100
24,1,ZDVD002MT,DG ROOM AIR TEMP.,95,255,次,38,SIMHW_SBA,38,1072,112.2604,0x900430,2,3,9,0.1,0.1,0,4,PT100
25,1,ZDVD003MT,DG ROOM AIR TEMP.,95,255,次,38,SIMHW_SBA,38,1076,112.2604,0x900434,2,3,10,0.1,0.1,0,4,PT100
26,0,ZASG012VD_1E_IN1,ASG012VD CTRL SIGN.,0,100,%open,38,SIMHW_SBA,38,1080,0.001335185,0x900438,2,3,11,0.1,0.1,0,4,
27,0,ZASG014VD_1E_IN1,ASG014VD CTRL SIGN.,0,100,%open,38,SIMHW_SBA,38,1088,0.001335185,0x900440,2,3,13,0.1,0.1,0,4,
28,0,ZASG016VD_1E_IN1,ASG016VD CTRL SIGN.,0,100,%open,38,SIMHW_SBA,38,1096,0.001335185,0x900448,2,3,15,0.1,0.1,0,4,
29,0,ZRCV061VP_1E_IN1,RCV061VP CTRL SIGN.,0,100,%open,38,SIMHW_SBA,38,1120,34.99748,0x900460,2,4,1,0.1,0.1,0,4,
30,0,ZRCV046VP_1E_IN1,RCV046VP CTRL SIGN.,0,100,%open,38,SIMHW_SBA,38,1128,59.54104,0x900468,2,4,3,0.1,0.1,0,4,
31,0,ZRRA013VP_1E_IN1,RRA013VP CTRL SIGN.,0,100,%open,38,SIMHW_SBA,38,1136,0.001335185,0x900470,2,4,5,0.1,0.1,0,4,
32,0,ZRRA024VP_1E_IN1,RRA024VP CTRL SIGN.,0,100,%open,38,SIMHW_SBA,38,1144,69.9984,0x900478,2,4,7,0.1,0.1,0,4,
33,0,ZASG013VD_1E_IN1,ASG013VD CTRL SIGN.,0,100,%open,38,SIMHW_SBA,38,1152,0.001335185,0x900480,2,4,9,0.1,0.1,0,4,
34,0,ZASG015VD_1E_IN1,ASG015VD CTRL SIGN.,0,100,%open,38,SIMHW_SBA,38,1160,0.001335185,0x900488,2,4,11,0.1,0.1,0,4,
35,0,ZASG017VD_1E_IN1,ASG017VD CTRL SIGN.,0,100,%open,38,SIMHW_SBA,38,1168,0.001335185,0x900490,2,4,13,0.1,0.1,0,4,
#YJ5_68,,,,,,,,,,,,,,,,,,,,
36,1,ZRIC002MT,CORE HEAD TEMP.,-10,60,mV,68,SIMHW_SBB,68,960,11.95137,0xf003c0,2,2,1,0.1,0.1,0,4,TC_K
37,1,ZRIC004MT,CORE OUTLET TEMP.,-10,60,mV,68,SIMHW_SBB,68,964,13.39337,0xf003c4,2,2,2,0.1,0.1,0,4,TC_K
38,1,ZRIC006MT,CORE OUTLET TEMP.,-10,60,mV,68,SIMHW_SBB,68,968,13.25318,0xf003c8,2,2,3,0.1,0.1,0,4,TC_K
39,1,ZRIC007MT,CORE OUTLET TEMP.,-10,60,mV,68,SIMHW_SBB,68,972,13.21646,0xf003cc,2,2,4,0.1,0.1,0,4,TC_K
40,1,ZRIC009MT,CORE OUTLET TEMP.,-10,60,mV,68,SIMHW_SBB,68,976,13.59031,0xf003d0,2,2,5,0.1,0.1,0,4,TC_K
41,1,ZRIC011MT,CORE OUTLET TEMP.,-10,60,mV,68,SIMHW_SBB,68,980,13.58697,0xf003d4,2,2,6,0.1,0.1,0,4,TC_K
42,1,ZRIC013MT,CORE OUTLET TEMP.,-10,60,mV,68,SIMHW_SBB,68,984,13.24984,0xf003d8,2,2,7,0.1,0.1,0,4,TC_K
43,1,ZRIC015MT,CORE OUTLET TEMP.,-10,60,mV,68,SIMHW_SBB,68,988,13.51354,0xf003dc,2,2,8,0.1,0.1,0,4,TC_K
44,1,ZRIC017MT,CORE OUTLET TEMP.,-10,60,mV,68,SIMHW_SBB,68,992,13.5102,0xf003e0,2,2,9,0.1,0.1,0,4,TC_K
45,1,ZRIC019MT,CORE OUTLET TEMP.,-10,60,mV,68,SIMHW_SBB,68,996,13.52355,0xf003e4,2,2,10,0.1,0.1,0,4,TC_K
46,1,ZRIC021MT,CORE OUTLET TEMP.,-10,60,mV,68,SIMHW_SBB,68,1000,13.22647,0xf003e8,2,2,11,0.1,0.1,0,4,TC_K
47,1,ZRIC023MT,CORE OUTLET TEMP.,-10,60,mV,68,SIMHW_SBB,68,1004,13.59365,0xf003ec,2,2,12,0.1,0.1,0,4,TC_K
48,1,ZRIC025MT,CORE OUTLET TEMP.,-10,60,mV,68,SIMHW_SBB,68,1008,13.58697,0xf003f0,2,2,13,0.1,0.1,0,4,TC_K
49,1,ZRIC027MT,CORE OUTLET TEMP.,-10,60,mV,68,SIMHW_SBB,68,1012,13.24984,0xf003f4,2,2,14,0.1,0.1,0,4,TC_K
50,1,ZRIC029MT,CORE OUTLET TEMP.,-10,60,mV,68,SIMHW_SBB,68,1016,13.32327,0xf003f8,2,2,15,0.1,0.1,0,4,TC_K
51,1,ZRIC031MT,CORE OUTLET TEMP.,-10,60,mV,68,SIMHW_SBB,68,1020,13.59031,0xf003fc,2,2,16,0.1,0.1,0,4,TC_K
52,1,ZRIC033MT,CORE OUTLET TEMP.,-10,60,mV,68,SIMHW_SBB,68,1040,13.35332,0xf00410,2,3,1,0.1,0.1,0,4,TC_K
53,1,ZRIC036MT,CORE OUTLET TEMP.,-10,60,mV,68,SIMHW_SBB,68,1044,13.25652,0xf00414,2,3,2,0.1,0.1,0,4,TC_K
54,1,ZRIC038MT,CORE OUTLET TEMP.,-10,60,mV,68,SIMHW_SBB,68,1048,13.25652,0xf00418,2,3,3,0.1,0.1,0,4,TC_K
55,1,ZRIC040MT,CORE OUTLET TEMP.,-10,60,mV,68,SIMHW_SBB,68,1052,13.21646,0xf0041c,2,3,4,0.1,0.1,0,4,TC_K
56,1,ZDVD004MT,DG ROOM AIR TEMP.,95,255,次,68,SIMHW_SBB,68,1056,112.2527,0xf00420,2,3,5,0.1,0.1,0,4,PT100
57,1,ZDVD005MT,DG ROOM AIR TEMP.,95,255,次,68,SIMHW_SBB,68,1060,112.2527,0xf00424,2,3,6,0.1,0.1,0,4,PT100
58,1,ZDVD006MT,DG ROOM AIR TEMP.,95,255,次,68,SIMHW_SBB,68,1064,112.2527,0xf00428,2,3,7,0.1,0.1,0,4,PT100
#YJ5_118,,,,,,,,,,,,,,,,,,,,
59,1,Z5KRT002MA,APG SG2 Gamma Activity,3.568,9.568,-,120,SIMHW_RPC,118,10560,3.56808,0x1502940,4,2,1,0.1,0.1,0,4,
60,1,Z5KRT003MA,APG SG3 Gamma Activity,3.568,9.568,-,120,SIMHW_RPC,118,10564,3.56808,0x1502944,4,2,2,0.1,0.1,0,4,
61,1,Z5KRT004MA,APG SG1 Gamma Activity,3.568,9.568,-,120,SIMHW_RPC,118,10568,3.56808,0x1502948,4,2,3,0.1,0.1,0,4,
62,1,Z5KRT022MA,Reactor Building Post Accident Gamma Dose Rate,-3,5,-,120,SIMHW_RPC,118,10572,-2.999893,0x150294c,4,2,4,0.1,0.1,0,4,
63,1,Z5KRT023MA,REACTOR BUILDING POST ACCIDENT GAMMA DOSE RATE,-3,5,-,120,SIMHW_RPC,118,10576,-2.999893,0x1502950,4,2,5,0.1,0.1,0,4,
64,1,Z5KRT032MA1,SG 2 COOLANT LEAK RATE,-1,3.69897,-,120,SIMHW_RPC,118,10580,-0.9999372,0x1502954,4,2,6,0.1,0.1,0,4,
65,1,Z5KRT032MA2,SG 2 STEAM AIR ACTIVITY,-0.30103,3.69897,-,120,SIMHW_RPC,118,10584,-0.3009766,0x1502958,4,2,7,0.1,0.1,0,4,
66,1,Z5KRT033MA1,SG 3 COOLANT LEAK RATE,-1,3.69897,-,120,SIMHW_RPC,118,10588,-0.9999372,0x150295c,4,2,8,0.1,0.1,0,4,
67,1,Z5KRT033MA2,SG 3 STEAM AIR ACTIVITY,-0.30103,3.69897,-,120,SIMHW_RPC,118,10592,-0.3009766,0x1502960,4,2,9,0.1,0.1,0,4,
68,1,Z5KRT034MA1,SG 1 COOLANT LEAK RATE,-1,3.69897,-,120,SIMHW_RPC,118,10596,-0.9999372,0x1502964,4,2,10,0.1,0.1,0,4,
69,1,Z5KRT034MA2,SG 1 STEAM AIR ACTIVITY,-0.30103,3.69897,-,120,SIMHW_RPC,118,10600,-0.3009766,0x1502968,4,2,11,0.1,0.1,0,4,
70,1,ZARE010MN,RCP1GV WATER LVL NR,-1.8,1.8,m,120,SIMHW_RPC,118,10604,-2.75E-05,0x150296c,4,2,12,0.1,0.1,0,4,
71,1,ZARE020MN,RCP2GV WATER LVL NR,-1.8,1.8,m,120,SIMHW_RPC,118,10608,-2.75E-05,0x1502970,4,2,13,0.1,0.1,0,4,
72,1,ZARE030MN,RCP3GV WATER LVL NR,-1.8,1.8,m,120,SIMHW_RPC,118,10612,-2.75E-05,0x1502974,4,2,14,0.1,0.1,0,4,
73,1,ZARE043MD,SG1 FEEDWATE R FLOW,0,1,-,120,SIMHW_RPC,118,10616,0.6395668,0x1502978,4,2,15,0.1,0.1,0,4,
74,1,ZARE044MD,SG2 FEEDWATE R FLOW,0,1,-,120,SIMHW_RPC,118,10620,0.6381363,0x150297c,4,2,16,0.1,0.1,0,4,
75,1,ZARE045MD,SG3 FEEDWATE R FLOW,0,1,-,120,SIMHW_RPC,118,10640,0.6406159,0x1502990,4,3,1,0.1,0.1,0,4,
76,1,ZARE046MD,SG1 FEEDWATER FLOW,0,1,-,120,SIMHW_RPC,118,10644,0.6395668,0x1502994,4,3,2,0.1,0.1,0,4,
77,1,ZARE047MD,SG2 FEEDWATER FLOW,0,1,-,120,SIMHW_RPC,118,10648,0.6381363,0x1502998,4,3,3,0.1,0.1,0,4,
78,1,ZARE048MD,SG3 FEEDWATER FLOW,0,1,-,120,SIMHW_RPC,118,10652,0.6406159,0x150299c,4,3,4,0.1,0.1,0,4,
79,1,ZARE049MD,GV1 FEEDWATER FLOW,0,1,-,120,SIMHW_RPC,118,10656,1.000019,0x15029a0,4,3,5,0.1,0.1,0,4,
80,1,ZARE050MD,GV2 FEEDWATE R FLOW,0,1,-,120,SIMHW_RPC,118,10660,1.000019,0x15029a4,4,3,6,0.1,0.1,0,4,
81,1,ZARE051MD,GV3 FEEDWATER FLOW,0,1,-,120,SIMHW_RPC,118,10664,1.000019,0x15029a8,4,3,7,0.1,0.1,0,4,
82,1,ZARE052MN,RCP1GV WATER LVL NR,-1.8,1.8,m,120,SIMHW_RPC,118,10668,-2.75E-05,0x15029ac,4,3,8,0.1,0.1,0,4,
83,1,ZARE053MN,RCP2GV WATER LVL NR,-1.8,1.8,m,120,SIMHW_RPC,118,10672,-2.75E-05,0x15029b0,4,3,9,0.1,0.1,0,4,
84,1,ZARE054MN,RCP3GV WATER LVL NR,-1.8,1.8,m,120,SIMHW_RPC,118,10676,-2.75E-05,0x15029b4,4,3,10,0.1,0.1,0,4,
85,1,ZARE055MN,RCP1GV WATER LVL NR,-1.8,1.8,m,120,SIMHW_RPC,118,10680,-2.75E-05,0x15029b8,4,3,11,0.1,0.1,0,4,
86,1,ZARE056MN,RCP2GV WATER LVL NR,-1.8,1.8,m,120,SIMHW_RPC,118,10684,-2.75E-05,0x15029bc,4,3,12,0.1,0.1,0,4,
87,1,ZARE057MN,RCP3GV WATER LVL NR,-1.8,1.8,m,120,SIMHW_RPC,118,10688,-2.75E-05,0x15029c0,4,3,13,0.1,0.1,0,4,
88,1,ZARE058MN,RCP1GV WATER LVL NR,-1.8,1.8,m,120,SIMHW_RPC,118,10692,-2.75E-05,0x15029c4,4,3,14,0.1,0.1,0,4,
89,1,ZARE059MN,RCP2GV WATER LVL NR,-1.8,1.8,m,120,SIMHW_RPC,118,10696,-2.75E-05,0x15029c8,4,3,15,0.1,0.1,0,4,
90,1,ZARE060MN,RCP3GV WATER LVL NR,-1.8,1.8,m,120,SIMHW_RPC,118,10700,-2.75E-05,0x15029cc,4,3,16,0.1,0.1,0,4,
91,1,ZARE061MN,RCP1GV WATER LVL WR,-12.65,3.25,m,120,SIMHW_RPC,118,10720,-1.502816,0x15029e0,4,4,1,0.1,0.1,0,4,
92,1,ZARE062MN,RCP2GV WATER LVL WR,-12.65,3.25,m,120,SIMHW_RPC,118,10724,-1.502816,0x15029e4,4,4,2,0.1,0.1,0,4,
93,1,ZARE063MN,RCP3GV WATER LVL WR,-12.65,3.25,m,120,SIMHW_RPC,118,10728,-1.502816,0x15029e8,4,4,3,0.1,0.1,0,4,
94,1,ZASG001MD,SG1 MAFP FLOW(WR),0,1,-,120,SIMHW_RPC,118,10732,1.34E-05,0x15029ec,4,4,4,0.1,0.1,0,4,
95,1,ZASG001MN,001BA LEVEL,0.3,15.4,m,120,SIMHW_RPC,118,10736,13.40072,0x15029f0,4,4,5,0.1,0.1,0,4,
96,1,ZASG002MD,SG2 MAFP FLOW(WR),0,1,-,120,SIMHW_RPC,118,10740,1.34E-05,0x15029f4,4,4,6,0.1,0.1,0,4,
97,1,ZASG003MD,SG3 MAFP FLOW(WR),0,1,-,120,SIMHW_RPC,118,10744,1.34E-05,0x15029f8,4,4,7,0.1,0.1,0,4,
98,1,ZASG011MN,001BA LEVEL,0.3,15.4,m,120,SIMHW_RPC,118,10748,13.40072,0x15029fc,4,4,8,0.1,0.1,0,4,
99,1,ZASG021MD,SG1 TAFP FLOW(WR),0,1,-,120,SIMHW_RPC,118,10752,1.34E-05,0x1502a00,4,4,9,0.1,0.1,0,4,
100,1,ZASG022MD,SG2 TAFP FLOW(WR),0,1,-,120,SIMHW_RPC,118,10756,1.34E-05,0x1502a04,4,4,10,0.1,0.1,0,4,
101,1,ZASG023MD,SG3 TAFP FLOW(WR),0,1,-,120,SIMHW_RPC,118,10760,1.34E-05,0x1502a08,4,4,11,0.1,0.1,0,4,
102,1,ZEAS003MN,RCIRULG.SUMP LEVEL,-3.4,-1,m,120,SIMHW_RPC,118,10764,-3.499992,0x1502a0c,4,4,12,0.1,0.1,0,4,
103,1,ZEAS004MN,RCIRULG.SUMP LEVEL,-3.4,-1,m,120,SIMHW_RPC,118,10768,-3.499992,0x1502a10,4,4,13,0.1,0.1,0,4,
104,1,ZEAS007MD,CONT.SPRAY FLOW,0,1,-,120,SIMHW_RPC,118,10772,1.34E-05,0x1502a14,4,4,14,0.1,0.1,0,4,
105,1,ZEAS008MD,CONT.SPRAY FLOW,0,1,-,120,SIMHW_RPC,118,10776,1.34E-05,0x1502a18,4,4,15,0.1,0.1,0,4,
106,1,ZETY101MP,CONTAINMENT PRES.,0,600,kPa.A,120,SIMHW_RPC,118,10780,97.91521,0x1502a1c,4,4,16,0.1,0.1,0,4,
107,1,ZETY102MP,CONTAINMENT PRES.,0,600,kPa.A,120,SIMHW_RPC,118,10800,97.91521,0x1502a30,4,5,1,0.1,0.1,0,4,
108,1,ZETY103MP,CONTAINMENT PRES.,0,600,kPa.A,120,SIMHW_RPC,118,10804,97.91521,0x1502a34,4,5,2,0.1,0.1,0,4,
109,1,ZETY104MP,CONTAINMENT PRES.,0,600,kPa.A,120,SIMHW_RPC,118,10808,97.91521,0x1502a38,4,5,3,0.1,0.1,0,4,
110,1,ZGRE022MP,TURB.ADMSN.PRES.,0.11,7.6,MPa,120,SIMHW_RPC,118,10812,6.030416,0x1502a3c,4,5,4,0.1,0.1,0,4,
111,1,ZGRE023MP,TURB.ADMSN.PRES.,0.11,7.6,MPa,120,SIMHW_RPC,118,10816,6.030416,0x1502a40,4,5,5,0.1,0.1,0,4,
112,1,ZGRE024MP,TURB.ADMSN.PRES.,0.11,7.6,MPa,120,SIMHW_RPC,118,10820,6.030416,0x1502a44,4,5,6,0.1,0.1,0,4,
113,1,ZPTR018MN,PTR 001BA LEVEL,0.5,16,m,120,SIMHW_RPC,118,10824,15.57826,0x1502a48,4,5,7,0.1,0.1,0,4,
114,1,ZPTR019MN,PTR 001BA LEVEL,0.5,16,m,120,SIMHW_RPC,118,10828,15.57826,0x1502a4c,4,5,8,0.1,0.1,0,4,
115,1,ZPTR020MN,PTR 001BA LEVEL,0.5,16,m,120,SIMHW_RPC,118,10832,15.57826,0x1502a50,4,5,9,0.1,0.1,0,4,
116,1,ZRCP005MP,PRESSURIZER PRESSURE,11,18,MPa,120,SIMHW_RPC,118,10836,15.40487,0x1502a54,4,5,10,0.1,0.1,0,4,
117,1,ZRCP006MP,PRESSURIZER PRESSURE,11,18,MPa,120,SIMHW_RPC,118,10840,15.40487,0x1502a58,4,5,11,0.1,0.1,0,4,
118,1,ZRCP007MN,PRESSURIZER LEVEL,-6,3.8,m,120,SIMHW_RPC,118,10844,0.1626095,0x1502a5c,4,5,12,0.1,0.1,0,4,
119,1,ZRCP008MN,PRESSURIZER LEVEL,-6,3.8,m,120,SIMHW_RPC,118,10848,0.1626095,0x1502a60,4,5,13,0.1,0.1,0,4,
120,1,ZRCP011MN,PRESSURIZER LEVEL,-6,3.8,m,120,SIMHW_RPC,118,10852,0.1626095,0x1502a64,4,5,14,0.1,0.1,0,4,
121,1,ZRCP013MP,PRESSURIZER PRESSURE,11,18,MPa,120,SIMHW_RPC,118,10856,15.40487,0x1502a68,4,5,15,0.1,0.1,0,4,
122,1,ZRCP025MD,LOOP1 FLOW,0,1,-,120,SIMHW_RPC,118,10860,0.6955969,0x1502a6c,4,5,16,0.1,0.1,0,4,
123,1,ZRCP026MD,LOOP1 FLOW,0,1,-,120,SIMHW_RPC,118,10880,0.6955969,0x1502a80,4,6,1,0.1,0.1,0,4,
124,1,ZRCP027MD,LOOP1 FLOW,0,1,-,120,SIMHW_RPC,118,10884,0.6955969,0x1502a84,4,6,2,0.1,0.1,0,4,
125,1,ZRCP037MP,RRA SUCTION LINE P,0,20,MPa,120,SIMHW_RPC,118,10888,15.57043,0x1502a88,4,6,3,0.1,0.1,0,4,
126,1,ZRCP039MP,RRA SUCTION LINE P,0,20,MPa,120,SIMHW_RPC,118,10892,15.57043,0x1502a8c,4,6,4,0.1,0.1,0,4,
127,1,ZRCP040MD,LOOP2 FLOW,0,1,-,120,SIMHW_RPC,118,10896,0.6954539,0x1502a90,4,6,5,0.1,0.1,0,4,
128,1,ZRCP041MD,LOOP2 FLOW,0,1,-,120,SIMHW_RPC,118,10900,0.6954539,0x1502a94,4,6,6,0.1,0.1,0,4,
129,1,ZRCP042MD,LOOP2 FLOW,0,1,-,120,SIMHW_RPC,118,10904,0.6954539,0x1502a98,4,6,7,0.1,0.1,0,4,
130,1,ZRCP052MD,LOOP3 FLOW,0,1,-,120,SIMHW_RPC,118,10908,0.6951201,0x1502a9c,4,6,8,0.1,0.1,0,4,
131,1,ZRCP053MD,LOOP3 FLOW,0,1,-,120,SIMHW_RPC,118,10912,0.6951201,0x1502aa0,4,6,9,0.1,0.1,0,4,
132,1,ZRCP054MD,LOOP3 FLOW,0,1,-,120,SIMHW_RPC,118,10916,0.6951201,0x1502aa4,4,6,10,0.1,0.1,0,4,
133,1,ZRCP070MM,RCP018VP DISPLACEMENT MEASUREMENT,0,17.5,mm,120,SIMHW_RPC,118,10920,5.799942,0x1502aa8,4,6,11,0.1,0.1,0,4,
134,1,ZRCP071MM,RCP018VP DISPLACEMENT MEASUREMENT,0,17.5,mm,120,SIMHW_RPC,118,10924,5.799942,0x1502aac,4,6,12,0.1,0.1,0,4,
135,1,ZRCP072MM,RCP019VP DISPL.MEAS.,0,17.5,mm,120,SIMHW_RPC,118,10928,5.799942,0x1502ab0,4,6,13,0.1,0.1,0,4,
136,1,ZRCP073MM,RCP021VP DISPLACEMENT MEASUREMENT,0,17.5,mm,120,SIMHW_RPC,118,10932,0.000233657,0x1502ab4,4,6,14,0.1,0.1,0,4,
137,1,ZRCP074MM,RCP021VP DISPLACEMENT MEASUREMENT,0,17.5,mm,120,SIMHW_RPC,118,10936,0.000233657,0x1502ab8,4,6,15,0.1,0.1,0,4,
138,1,ZRCP075MM,RCP022VP DISPL.MEAS.,0,17.5,mm,120,SIMHW_RPC,118,10940,0.000233657,0x1502abc,4,6,16,0.1,0.1,0,4,
139,1,ZRCP092MN,REACTOR VSL LVL-WR,-140,270,kPa,120,SIMHW_RPC,118,10960,135.7712,0x1502ad0,4,7,1,0.1,0.1,0,4,
140,1,ZRCP137MP,RRA SUCTION LINE P,0,20,MPa,120,SIMHW_RPC,118,10964,15.57043,0x1502ad4,4,7,2,0.1,0.1,0,4,
141,1,ZRCP139MP,RRA SUCTION LINE P,0,20,MPa,120,SIMHW_RPC,118,10968,15.57043,0x1502ad8,4,7,3,0.1,0.1,0,4,
142,1,ZRCP140MY,RCP001PO SPEED,0,1800,RPM,120,SIMHW_RPC,118,10972,1487.086,0x1502adc,4,7,4,0.1,0.1,0,4,
143,1,ZRCP240MY,RCP002PO SPEED,0,1800,RPM,120,SIMHW_RPC,118,10976,1486.657,0x1502ae0,4,7,5,0.1,0.1,0,4,
144,1,ZRCP340MY,RCP003PO SPEED,0,1800,RPM,120,SIMHW_RPC,118,10980,1486.657,0x1502ae4,4,7,6,0.1,0.1,0,4,
145,1,ZRCV011MN,RCV002BA LEVEL,0.8,2.15,m,120,SIMHW_RPC,118,10984,1.193735,0x1502ae8,4,7,7,0.1,0.1,0,4,
146,1,ZRCV012MN,RCV002BA LEVEL,0.8,2.15,m,120,SIMHW_RPC,118,10988,1.193735,0x1502aec,4,7,8,0.1,0.1,0,4,
147,1,ZREA052MN,ZREA004BA LEVEL,0.17,8.54,m,120,SIMHW_RPC,118,10992,7.712774,0x1502af0,4,7,9,0.1,0.1,0,4,
148,1,ZREA072MN,7REA004BA LEVEL,0.17,8.54,m,120,SIMHW_RPC,118,10996,7.712774,0x1502af4,4,7,10,0.1,0.1,0,4,
149,1,ZRIS001MD,HHSI FROM RIS004BA F,0,1,-,120,SIMHW_RPC,118,11000,1.34E-05,0x1502af8,4,7,11,0.1,0.1,0,4,
150,1,ZRIS002MD,HHSI RIS004BA BYPASS F,0,1,-,120,SIMHW_RPC,118,11004,1.34E-05,0x1502afc,4,7,12,0.1,0.1,0,4,
151,1,ZRIS014MD,RIS001PO DISCHG.F,0,1,-,120,SIMHW_RPC,118,11008,1.34E-05,0x1502b00,4,7,13,0.1,0.1,0,4,
152,1,ZRIS015MD,RIS002PO DISCHG.F,0,1,-,120,SIMHW_RPC,118,11012,1.34E-05,0x1502b04,4,7,14,0.1,0.1,0,4,
153,1,ZRIS018MN,RIS001BA LEVEL,3.95,4.38,-,120,SIMHW_RPC,118,11016,4.095835,0x1502b08,4,7,15,0.1,0.1,0,4,
154,1,ZRIS019MN,RIS002BA LEVEL,3.95,4.38,-,120,SIMHW_RPC,118,11020,4.09647,0x1502b0c,4,7,16,0.1,0.1,0,4,
155,1,ZRIS020MN,RIS003BA LEVEL,3.95,4.38,-,120,SIMHW_RPC,118,11040,4.096839,0x1502b20,4,8,1,0.1,0.1,0,4,
156,1,ZRIS021MN,RIS001BA LEVEL,3.95,4.38,-,120,SIMHW_RPC,118,11044,4.095835,0x1502b24,4,8,2,0.1,0.1,0,4,
157,1,ZRIS022MN,RIS002BA LEVEL,3.95,4.38,-,120,SIMHW_RPC,118,11048,4.09647,0x1502b28,4,8,3,0.1,0.1,0,4,
158,1,ZRIS023MN,RIS003BA LEVEL,3.95,4.38,-,120,SIMHW_RPC,118,11052,4.096839,0x1502b2c,4,8,4,0.1,0.1,0,4,
159,1,ZRIS024MP,RIS001BA PRESSURE,0,6,-,120,SIMHW_RPC,118,11056,4.336379,0x1502b30,4,8,5,0.1,0.1,0,4,
160,1,ZRIS025MP,RIS002BA PRESSURE,0,6,-,120,SIMHW_RPC,118,11060,4.300043,0x1502b34,4,8,6,0.1,0.1,0,4,
161,1,ZRIS026MP,RIS003BA PRESSURE,0,6,-,120,SIMHW_RPC,118,11064,4.310629,0x1502b38,4,8,7,0.1,0.1,0,4,
162,1,ZRIS027MP,RIS001BA PRESSURE,0,6,-,120,SIMHW_RPC,118,11068,4.336379,0x1502b3c,4,8,8,0.1,0.1,0,4,
163,1,ZRIS028MP,RIS002BA PRESSURE,0,6,-,120,SIMHW_RPC,118,11072,4.300043,0x1502b40,4,8,9,0.1,0.1,0,4,
164,1,ZRIS029MP,RIS003BA PRESSURE,0,6,-,120,SIMHW_RPC,118,11076,4.310629,0x1502b44,4,8,10,0.1,0.1,0,4,
165,1,ZRIS099MD,HHSI FROM RIS004BA F,0,1,-,120,SIMHW_RPC,118,11080,1.34E-05,0x1502b48,4,8,11,0.1,0.1,0,4,
166,1,ZRPN010MAAPR,Average Power Level,0,200,%FP,120,SIMHW_RPC,118,11084,99.63607,0x1502b4c,4,8,12,0.1,0.1,0,4,
167,1,ZRPN010MAPR,Corrected PR flux change rate,-10,10,%FP,120,SIMHW_RPC,118,11088,-0.000152593,0x1502b50,4,8,13,0.1,0.1,0,4,
168,1,ZRPN013MA1,IR Flux Level,-11,-3,-,120,SIMHW_RPC,118,11092,-2.999847,0x1502b54,4,8,14,0.1,0.1,0,4,
169,1,ZRPN020MAAPR,AVERAGE POWER LEVEL,0,200,%FP,120,SIMHW_RPC,118,11096,99.75051,0x1502b58,4,8,15,0.1,0.1,0,4,
170,1,ZRPN020MAPR,CORRECTED PR FLUX CHANGE RATE,-10,10,%FP,120,SIMHW_RPC,118,11100,-0.000152593,0x1502b5c,4,8,16,0.1,0.1,0,4,
171,1,ZRPN023MA1,IR FLUX LEVEL,-11,-3,-,120,SIMHW_RPC,118,11120,-2.999847,0x1502b70,4,9,1,0.1,0.1,0,4,
172,1,ZRPN030MAAPR,Average Power Level,0,200,%FP,120,SIMHW_RPC,118,11124,99.86495,0x1502b74,4,9,2,0.1,0.1,0,4,
173,1,ZRPN030MAPR,Corrected PR flux change rate,-10,10,%FP,120,SIMHW_RPC,118,11128,-0.000152593,0x1502b78,4,9,3,0.1,0.1,0,4,
174,1,ZRPN040MAAPR,AVERAGE POWER LEVEL,0,200,%FP,120,SIMHW_RPC,118,11132,99.80773,0x1502b7c,4,9,4,0.1,0.1,0,4,
175,1,ZRPN040MAPR,PR FLUX CHANGE RATE,-10,10,%FP,120,SIMHW_RPC,118,11136,-0.000152593,0x1502b80,4,9,5,0.1,0.1,0,4,
176,1,ZRRA004MP,RRA PMP DISCHG. PRES.,0,5,MPa,120,SIMHW_RPC,118,11140,0.1338237,0x1502b84,4,9,6,0.1,0.1,0,4,
177,1,ZRRA006MD,RRA FLOW,0,1,-,120,SIMHW_RPC,118,11144,1.34E-05,0x1502b88,4,9,7,0.1,0.1,0,4,
178,1,ZRRA032MD,RRA FLOW,0,1,-,120,SIMHW_RPC,118,11148,1.34E-05,0x1502b8c,4,9,8,0.1,0.1,0,4,
179,1,ZRRI001MD,1/3PO SUCTION F,0,1,-,120,SIMHW_RPC,118,11152,0.5203062,0x1502b90,4,9,9,0.1,0.1,0,4,
180,1,ZRRI002MD,2/4PO SUCTION FLW,0,1,-,120,SIMHW_RPC,118,11156,1.34E-05,0x1502b94,4,9,10,0.1,0.1,0,4,
181,1,ZRRI014MN,002BA LVL,0,1.79,m,120,SIMHW_RPC,118,11160,1.631698,0x1502b98,4,9,11,0.1,0.1,0,4,
182,1,ZRRI015MN,001BA LVL,0,1.79,m,120,SIMHW_RPC,118,11164,1.63332,0x1502b9c,4,9,12,0.1,0.1,0,4,
183,1,ZSEC001MP,001/003PO DISCHG. PRES.,0,1,MPa,120,SIMHW_RPC,118,11168,0.2907022,0x1502ba0,4,9,13,0.1,0.1,0,4,
184,1,ZSEC002MP,002/004PO DISCHG. PRES.,0,1,MPa,120,SIMHW_RPC,118,11172,0.04121334,0x1502ba4,4,9,14,0.1,0.1,0,4,
185,1,ZVVP001MD,RCP001GV STEAM FLOW,0,100,%,120,SIMHW_RPC,118,11176,61.52951,0x1502ba8,4,9,15,0.1,0.1,0,4,
186,1,ZVVP002MD,RCP002GV STEAM FLOW,0,100,%,120,SIMHW_RPC,118,11180,61.39122,0x1502bac,4,9,16,0.1,0.1,0,4,
187,1,ZVVP003MD,RCP003GV STEAM FLOW,0,100,%,120,SIMHW_RPC,118,11200,61.63919,0x1502bc0,4,10,1,0.1,0.1,0,4,
188,1,ZVVP004MD,RCP001GV  STEAM FLOW,0,100,%,120,SIMHW_RPC,118,11204,61.52951,0x1502bc4,4,10,2,0.1,0.1,0,4,
189,1,ZVVP005MD,RCP002GV  STEAM FLOW,0,100,%,120,SIMHW_RPC,118,11208,61.39122,0x1502bc8,4,10,3,0.1,0.1,0,4,
190,1,ZVVP006MD,RCP003GV  STEAM FLOW,0,100,%,120,SIMHW_RPC,118,11212,61.63919,0x1502bcc,4,10,4,0.1,0.1,0,4,
191,1,ZVVP007MP,RCP001GV STEAM PRES.,0,10,MPa,120,SIMHW_RPC,118,11216,6.704669,0x1502bd0,4,10,5,0.1,0.1,0,4,
192,1,ZVVP008MP,RCP002GV STEAM PRES.,0,10,MPa,120,SIMHW_RPC,118,11220,6.704669,0x1502bd4,4,10,6,0.1,0.1,0,4,
193,1,ZVVP009MP,RCP003GV STEAM PRES.,0,10,MPa,120,SIMHW_RPC,118,11224,6.704669,0x1502bd8,4,10,7,0.1,0.1,0,4,
194,1,ZVVP010MP,RCP001GV  STEAM PRES.,0,10,MPa,120,SIMHW_RPC,118,11228,6.704669,0x1502bdc,4,10,8,0.1,0.1,0,4,
195,1,ZVVP011MP,RCP002GV  STEAM PRES.,0,10,MPa,120,SIMHW_RPC,118,11232,6.704669,0x1502be0,4,10,9,0.1,0.1,0,4,
196,1,ZVVP012MP,RCP003GV  STEAM PRES.,0,10,MPa,120,SIMHW_RPC,118,11236,6.704669,0x1502be4,4,10,10,0.1,0.1,0,4,
197,1,ZVVP013MP,RCP001GV STEAM PRES.,0,10,MPa,120,SIMHW_RPC,118,11240,6.704669,0x1502be8,4,10,11,0.1,0.1,0,4,
198,1,ZVVP014MP,RCP002GV STEAM PRES.,0,10,MPa,120,SIMHW_RPC,118,11244,6.704669,0x1502bec,4,10,12,0.1,0.1,0,4,
199,1,ZVVP015MP,RCP003GV STEAM PRES.,0,10,MPa,120,SIMHW_RPC,118,11248,6.704669,0x1502bf0,4,10,13,0.1,0.1,0,4,
200,1,ZRCP090MN,REACTOR VSL LVL-NR,-110,40,kPa,120,SIMHW_RPC,118,11252,39.90272,0x1502bf4,4,10,14,0,0,0,1,
201,1,ZRCP094MN,REACTOR VSL LVL-REF,-140,-26.5,kPa,120,SIMHW_RPC,118,11256,-117.7595,0x1502bf8,4,10,15,0,0,0,1,
202,1,ZRCP091MN,REACTOR VSL LVL-NR,-110,40,kPa,120,SIMHW_RPC,118,11260,39.90272,0x1502bfc,4,10,16,0,0,0,1,
203,0,ZGCT131VV_1E_IN1,GCT131VV CTRL SIGN.,0,100,%open,120,SIMHW_RPC,118,11280,0.001335185,0x1502c10,4,11,1,0.1,0.1,0,4,
204,0,ZGCT132VV_1E_IN1,GCT132VV CTRL SIGN.,0,100,%open,120,SIMHW_RPC,118,11292,0.001335185,0x1502c1c,4,11,4,0.1,0.1,0,4,
205,0,ZGCT133VV_1E_IN1,GCT133VV CTRL SIGN.,0,100,%open,120,SIMHW_RPC,118,11304,0.001335185,0x1502c28,4,11,7,0.1,0.1,0,4,
206,1,ZETY001MT,CONTAINMENT DOME TEMPERATURE(PAMS),95,255,次,120,SIMHW_RPC,118,11316,115.2741,0x1502c34,4,11,10,0.1,0.1,0,4,PT100
207,1,ZETY002MT,CONTAINMENT DOME TEMPERATURE(PAMS),95,255,次,120,SIMHW_RPC,118,11320,115.2741,0x1502c38,4,11,11,0.1,0.1,0,4,PT100
208,1,ZRCP004MT,PZR SURGE LINE TMP,95,255,次,120,SIMHW_RPC,118,11324,223.8742,0x1502c3c,4,11,12,0.1,0.1,0,4,PT100
209,1,ZRCP010MT,PZR LIQUID ZONE TEMP.,95,255,次,120,SIMHW_RPC,118,11328,227.9637,0x1502c40,4,11,13,0.1,0.1,0,4,PT100
210,1,ZRCP028MT,LOOP1 HOT LEG TEMP,95,255,次,120,SIMHW_RPC,118,11332,221.4327,0x1502c44,4,11,14,0.1,0.1,0,4,PT100
211,1,ZRCP029MT,LOOP1 COLD LEG TEMP,95,255,次,120,SIMHW_RPC,118,11336,209.7899,0x1502c48,4,11,15,0.1,0.1,0,4,PT100
212,1,ZRCP030MT,LOOP1 BYP.H-LEG TEMP,95,255,次,120,SIMHW_RPC,118,11340,221.4022,0x1502c4c,4,11,16,0.1,0.1,0,4,PT100
213,1,ZRCP033MT,LOOP1 BYP.C-LEG TEMP,95,255,次,120,SIMHW_RPC,118,11360,209.767,0x1502c60,4,12,1,0.1,0.1,0,4,PT100
214,1,ZRCP043MT,LOOP2 HOT LEG TEMP,95,255,次,120,SIMHW_RPC,118,11364,221.4174,0x1502c64,4,12,2,0.1,0.1,0,4,PT100
215,1,ZRCP044MT,LOOP2 COLD LEG TEMP,95,255,次,120,SIMHW_RPC,118,11368,209.7899,0x1502c68,4,12,3,0.1,0.1,0,4,PT100
216,1,ZRCP045MT,LOOP2 BYP.H-LEG TEMP.,95,255,次,120,SIMHW_RPC,118,11372,221.3869,0x1502c6c,4,12,4,0.1,0.1,0,4,PT100
217,1,ZRCP048MT,LOOP2 BYP.C-LEG TEMP.,95,255,次,120,SIMHW_RPC,118,11376,209.7594,0x1502c70,4,12,5,0.1,0.1,0,4,PT100
218,1,ZRCP055MT,LOOP3 HOT LEG TEMP.,95,255,次,120,SIMHW_RPC,118,11380,221.448,0x1502c74,4,12,6,0.1,0.1,0,4,PT100
219,1,ZRCP056MT,LOOP3 COLD LEG TEMP.,95,255,次,120,SIMHW_RPC,118,11384,209.7899,0x1502c78,4,12,7,0.1,0.1,0,4,PT100
220,1,ZRCP057MT,LOOP3 BYP. H-LEG TEMP.,95,255,次,120,SIMHW_RPC,118,11388,221.4174,0x1502c7c,4,12,8,0.1,0.1,0,4,PT100
221,1,ZRCP060MT,LOOP3 BYP. C-LEG TEMP.,95,255,次,120,SIMHW_RPC,118,11392,209.767,0x1502c80,4,12,9,0.1,0.1,0,4,PT100
222,1,ZRRA005MT,RRA001/002RF UPSTR T,95,255,次,120,SIMHW_RPC,118,11396,109.8723,0x1502c84,4,12,10,0.1,0.1,0,4,PT100
223,1,ZRRA007MT,RRA001/002RF D.STR T,95,255,次,120,SIMHW_RPC,118,11400,107.7894,0x1502c88,4,12,11,0.1,0.1,0,4,PT100
224,1,ZRRA030MT,RRA001/002RF UPSTR. TEMP.,95,255,次,120,SIMHW_RPC,118,11404,109.8723,0x1502c8c,4,12,12,0.1,0.1,0,4,PT100
225,1,ZRRA031MT,RRA001/002RF D.STR. TEMP.,95,255,次,120,SIMHW_RPC,118,11408,107.7894,0x1502c90,4,12,13,0.1,0.1,0,4,PT100
#YJ5_1_A,,,,,,,,,,,,,,,,,,,,
226,0,HZGRE022MP1,TURB.ADMSN.PRES.,0.11,7.6,MPa,1,P1C1,1,1200,6.030416,0x1b004b0,4,5,1,0.1,0.1,0,4,
227,0,HZRCP005MP1,PRESSURIZER PRESSURE,11,18,MPa,1,P1C1,1,1204,15.40487,0x1b004b4,4,5,2,0.1,0.1,0,4,
228,0,HZRIS099MD,HHSI FROM RIS004BA F,0,1,-,1,P1C1,1,1208,1.34E-05,0x1b004b8,4,5,3,0.1,0.1,0,4,
229,0,HZRRI001MD,1/3PO SUCTION FLW,0,1,-,1,P1C1,1,1212,0.5203062,0x1b004bc,4,5,4,0.1,0.1,0,4,
230,0,HZRPN010MAPR1,Corrected PR flux change rate,-10,10,%FP,1,P1C1,1,1216,-0.000152593,0x1b004c0,4,5,5,0.1,0.1,0,4,
231,0,HZETY101MP1,CONTAINMENT PRES.,0,600,kPa.A,1,P1C1,1,1280,97.91521,0x1b00500,4,6,1,0.1,0.1,0,4,
232,0,HZETY001MT,CONTAINMENT DOME TEMPERATURE(PAMS),95,255,次,1,P1C1,1,1284,115.2741,0x1b00504,4,6,2,0.1,0.1,0,4,
233,0,HZRCP039MP,RRA SUCTION LINE P,0,20,MPa,1,P1C1,1,1288,15.57043,0x1b00508,4,6,3,0.1,0.1,0,4,
234,0,HZRCP140MY1,RCP001PO SPEED,0,1800,RPM,1,P1C1,1,1292,1487.086,0x1b0050c,4,6,4,0.1,0.1,0,4,
235,0,HZRCP004MT,PZR SURGE LINE TEMP.,95,255,次,1,P1C1,1,1296,223.8742,0x1b00510,4,6,5,0.1,0.1,0,4,
236,0,HZRCP011MN,PRESSURIZER LEVEL,-6,3.8,m,1,P1C1,1,1300,0.1626095,0x1b00514,4,6,6,0.1,0.1,0,4,
237,0,HZRCP043MT,LOOP2 HOT LEG TEMP.,95,255,次,1,P1C1,1,1360,221.4174,0x1b00550,4,7,1,0.1,0.1,0,4,
238,0,HZRCP044MT,LOOP2 COLD LEG TEMP.,95,255,次,1,P1C1,1,1364,209.7899,0x1b00554,4,7,2,0.1,0.1,0,4,
239,1,HZRPN014MA1,Count rate,0,6.20412,-,1,P1C1,1,1368,8.28E-05,0x1b00558,4,7,3,0.1,0.1,0,4,
240,1,HZRPN014MAHV,SR Detector H.V.,0,2000,V,1,P1C1,1,1372,0.0267037,0x1b0055c,4,7,4,0.1,0.1,0,4,
241,1,HZRPN014MADTR,SR PERIOD,-0.03333,0.33333,1/s,1,P1C1,1,1376,-7.01E-05,0x1b00560,4,7,5,0.1,0.1,0,4,
242,0,HZRCP092MN,REACTOR VSL LVL-WR,-140,270,kPa,1,P1C1,1,1380,135.7712,0x1b00564,4,7,6,0.1,0.1,0,4,
243,0,HZRCP033MT1,LOOP1 BYP.C-LEG TEMP,95,255,次,1,P1C1,1,1440,209.767,0x1b005a0,4,8,1,0.1,0.1,0,4,
244,0,HZRCP030MT1,LOOP1 BYP.H-LEG TEMP,95,255,次,1,P1C1,1,1444,221.4022,0x1b005a4,4,8,2,0.1,0.1,0,4,
245,0,HZRPN013MA11,IR Flux Level,-11,-3,-,1,P1C1,1,1448,-2.999847,0x1b005a8,4,8,3,0.1,0.1,0,4,
246,0,HZRPN010MAAPR1,Average Power Level,0,200,%FP,1,P1C1,1,1452,99.63607,0x1b005ac,4,8,4,0.1,0.1,0,4,
247,1,HZRPN010MAHV,PR Detector H.V.,0,1000,V,1,P1C1,1,1456,1000.019,0x1b005b0,4,8,5,0.1,0.1,0,4,
248,0,HZARE058MN1,RCP1GV WATER LVL NR,-1.8,1.8,m,1,P1C1,1,1520,-2.75E-05,0x1b005f0,4,9,1,0.1,0.1,0,4,
249,0,HZASG001MN2,001BA LEVEL,0.3,15.4,m,1,P1C1,1,1528,13.40072,0x1b005f8,4,9,3,0.1,0.1,0,4,
250,0,HZRCP025MD,LOOP1 FLOW,0,1,-,1,P1C1,1,1532,0.6955969,0x1b005fc,4,9,4,0.1,0.1,0,4,
251,1,H5REA054MN,7REA003BA LEVEL,0.17,8.54,m,1,P1C1,1,1536,7.492058,0x1b00600,4,9,5,0.1,0.1,0,4,
252,0,HZRIS014MD,RIS001PO DISCHG.F,0,1,-,1,P1C1,1,1540,1.34E-05,0x1b00604,4,9,6,0.1,0.1,0,4,
253,0,HZARE059MN1,RCP2GV WATER LVL NR,-1.8,1.8,m,1,P1C1,1,1600,-2.75E-05,0x1b00640,4,10,1,0.1,0.1,0,4,
254,0,HZASG001MD1,SG1 MAFP FLOW(WR),0,1,-,1,P1C1,1,1604,1.34E-05,0x1b00644,4,10,2,0.1,0.1,0,4,
255,0,HZASG021MD,SG1 TAFP FLOW(WR),0,1,-,1,P1C1,1,1608,1.34E-05,0x1b00648,4,10,3,0.1,0.1,0,4,
256,0,HZRCP040MD,LOOP2 FLOW,0,1,-,1,P1C1,1,1612,0.6954539,0x1b0064c,4,10,4,0.1,0.1,0,4,
257,1,HZRRI016MN,002BA LVL,0,1.79,m,1,P1C1,1,1616,1.631698,0x1b00650,4,10,5,0.1,0.1,0,4,
258,0,HZARE049MD,GV1 FEEDWATER FLOW,0,1,,1,P1C1,1,1620,1.000019,0x1b00654,4,10,6,0.1,0.1,0,4,
259,0,HZARE060MN1,RCP3GV WATER LVL NR,-1.8,1.8,m,1,P1C1,1,1680,-2.75E-05,0x1b00690,4,11,1,0.1,0.1,0,4,
260,0,HZASG003MD,SG3 MAFP FLOW(WR),0,1,-,1,P1C1,1,1684,1.34E-05,0x1b00694,4,11,2,0.1,0.1,0,4,
261,0,HZASG023MD,SG3 TAFP FLOW(WR),0,1,-,1,P1C1,1,1688,1.34E-05,0x1b00698,4,11,3,0.1,0.1,0,4,
262,0,HZRCP052MD,LOOP3 FLOW,0,1,-,1,P1C1,1,1692,0.6951201,0x1b0069c,4,11,4,0.1,0.1,0,4,
263,0,HZREA052MN,7REA004BA LEVEL,0.17,8.54,m,1,P1C1,1,1696,7.712774,0x1b006a0,4,11,5,0.1,0.1,0,4,
264,0,HZSEC001MP,001/003PO DISCHG. PRES.,0,1,MPa,1,P1C1,1,1700,0.2907022,0x1b006a4,4,11,6,0.1,0.1,0,4,
265,1,HZRPN401XU_MF,401XU MF for RPN403KA,-10000,10000,,1,P1C1,1,1220,-0.1525926,0x1b004c4,4,5,6,0.1,0.1,0,4,
#YJ5_2_A,,,,,,,,,,,,,,,,,,,,
266,0,HZARE058MN2,RCP1GV WATER LVL NR,-1.8,1.8,m,2,P1C2,2,960,-2.75E-05,0x21003c0,4,2,1,0.1,0.1,0,4,
267,0,HZGRE022MP2,TURB.ADMSN.PRES.,0.11,7.6,MPa,2,P1C2,2,964,6.030416,0x21003c4,4,2,2,0.1,0.1,0,4,
268,0,HZRPN010MAPR2,Corrected PR flux change rate,-10,10,%FP,2,P1C2,2,968,-0.000152593,0x21003c8,4,2,3,0.1,0.1,0,4,
269,0,HZARE059MN2,RCP2GV WATER LVL NR,-1.8,1.8,m,2,P1C2,2,1040,-2.75E-05,0x2100410,4,3,1,0.1,0.1,0,4,
270,1,HZPTR021MN,PTR 001BA LEVEL,0.5,16,m,2,P1C2,2,1044,15.57826,0x2100414,4,3,2,0.1,0.1,0,4,
271,0,HZARE060MN2,RCP3GV WATER LVL NR,-1.8,1.8,m,2,P1C2,2,1120,-2.75E-05,0x2100460,4,4,1,0.1,0.1,0,4,
272,0,HZRCP005MP2,PRESSURIZER PRESSURE,11,18,MPa,2,P1C2,2,1124,15.40487,0x2100464,4,4,2,0.1,0.1,0,4,
273,0,HZETY101MP2,CONTAINMENT PRES.,0,600,kPa.A,2,P1C2,2,1200,97.91521,0x21004b0,4,5,1,0.1,0.1,0,4,
274,0,HZRCP140MY2,RCP001PO SPEED,0,1800,RPM,2,P1C2,2,1204,1487.086,0x21004b4,4,5,2,0.1,0.1,0,4,
275,0,HZRCP070MM,RCP017VP DISPL. MEAS.,0,17.5,mm,2,P1C2,2,1208,5.799942,0x21004b8,4,5,3,0.1,0.1,0,4,
276,0,HZRCP073MM,RCP020VP DISPL. MEAS.,0,17.5,mm,2,P1C2,2,1212,0.000233657,0x21004bc,4,5,4,0.1,0.1,0,4,
277,1,HZRRA040MM,RRA120VP DISPL.MEAS,0,16.5,mm,2,P1C2,2,1216,5.209658,0x21004c0,4,5,5,0.1,0.1,0,4,
278,0,HZRCP071MM,RCP018VP DISPL. MEAS.,0,17.5,mm,2,P1C2,2,1280,5.799942,0x2100500,4,6,1,0.1,0.1,0,4,
279,0,HZRCP074MM,RCP021VP DISPL. MEAS.,0,17.5,mm,2,P1C2,2,1284,0.000233657,0x2100504,4,6,2,0.1,0.1,0,4,
280,0,HZRPN013MA12,IR Flux Level,-11,-3,-,2,P1C2,2,1288,-2.999847,0x2100508,4,6,3,0.1,0.1,0,4,
281,1,HZRPN013MACV,IR Detector Comp. H.V.,0,150,V,2,P1C2,2,1292,99.9978,0x210050c,4,6,4,0.1,0.1,0,4,
282,1,HZRPN013MADTR,IR PERIOD,-0.03333,0.33333,1/s,2,P1C2,2,1296,0.001101373,0x2100510,4,6,5,0.1,0.1,0,4,
283,1,HZRPN013MAHV,IR Detector H.V.,0,1000,V,2,P1C2,2,1300,1000.019,0x2100514,4,6,6,0.1,0.1,0,4,
284,0,HZRCP033MT2,LOOP1 BYP.C-LEG TEMP,95,255,次,2,P1C2,2,1360,209.767,0x2100550,4,7,1,0.1,0.1,0,4,
285,0,HZRCP030MT2,LOOP1 BYP.H-LEG TEMP,95,255,次,2,P1C2,2,1364,221.4022,0x2100554,4,7,2,0.1,0.1,0,4,
286,0,HZRPN010MAAPR2,Average Power Level,0,200,%FP,2,P1C2,2,1368,99.63607,0x2100558,4,7,3,0.1,0.1,0,4,
287,1,HZRPN010MADPR,Axial Power Deviation,-100,100,%FP,2,P1C2,2,1372,-5.943098,0x210055c,4,7,4,0.1,0.1,0,4,
288,1,HZRRA042MM,RRA018VP DISPL.MEAS,0,16.5,mm,2,P1C2,2,1376,0.000220306,0x2100560,4,7,5,0.1,0.1,0,4,
#YJ5_3_A,,,,,,,,,,,,,,,,,,,,
289,0,HZARE055MN1,RCP1GV WATER LVL NR,-1.8,1.8,m,3,P2C1,3,960,-2.75E-05,0x27003c0,4,2,1,0.1,0.1,0,4,
290,0,HZRCP026MD,LOOP1 FLOW,0,1,-,3,P2C1,3,964,0.6955969,0x27003c4,4,2,2,0.1,0.1,0,4,
291,0,HZRCP006MP1,PRESSURIZER PRESSURE,11,18,MPa,3,P2C1,3,968,15.40487,0x27003c8,4,2,3,0.1,0.1,0,4,
292,0,HZRCV012MN,RCV002BA LEVEL,0.8,2.15,m,3,P2C1,3,972,1.193735,0x27003cc,4,2,4,0.1,0.1,0,4,
293,0,HZRIS015MD,RIS002PO DISCHG.F,0,1,-,3,P2C1,3,976,1.34E-05,0x27003d0,4,2,5,0.1,0.1,0,4,
294,0,HZARE056MN1,RCP2GV WATER LVL NR,-1.8,1.8,m,3,P2C1,3,1040,-2.75E-05,0x2700410,4,3,1,0.1,0.1,0,4,
295,0,HZRCP041MD,LOOP2 FLOW,0,1,-,3,P2C1,3,1044,0.6954539,0x2700414,4,3,2,0.1,0.1,0,4,
296,1,H5REA074MN,7REA003BA LEVEL,0.17,8.54,m,3,P2C1,3,1048,7.492058,0x2700418,4,3,3,0.1,0.1,0,4,
297,0,HZRPN020MAPR1,CORRECTED PR FLUX CHANGE RATE,-10,10,%FP,3,P2C1,3,1052,-0.000152593,0x270041c,4,3,4,0.1,0.1,0,4,
298,0,HZRRI014MN,002BA LVL,0,1.79,m,3,P2C1,3,1056,1.631698,0x2700420,4,3,5,0.1,0.1,0,4,
299,0,HZSEC002MP,002/004PO DISCHG. PRES.,0,1,MPa,3,P2C1,3,1060,0.04121334,0x2700424,4,3,6,0.1,0.1,0,4,
300,0,HZARE057MN1,RCP3GV WATER LVL NR,-1.8,1.8,m,3,P2C1,3,1120,-2.75E-05,0x2700460,4,4,1,0.1,0.1,0,4,
301,0,HZRCP053MD,LOOP3 FLOW,0,1,-,3,P2C1,3,1124,0.6951201,0x2700464,4,4,2,0.1,0.1,0,4,
302,0,HZREA072MN,7REA004BA LEVEL,0.17,8.54,m,3,P2C1,3,1128,7.712774,0x2700468,4,4,3,0.1,0.1,0,4,
303,0,HZRRI002MD,2/4PO SUCTION FLW,0,1,-,3,P2C1,3,1132,1.34E-05,0x270046c,4,4,4,0.1,0.1,0,4,
304,0,HZVVP007MP1,RCP001GV STEAM PRES.,0,10,MPa,3,P2C1,3,1136,6.704669,0x2700470,4,4,5,0.1,0.1,0,4,
305,0,HZETY102MP1,CONTAINMENT PRES.,0,600,kPa.A,3,P2C1,3,1200,97.91521,0x27004b0,4,5,1,0.1,0.1,0,4,
306,0,HZGCT403RC1,GCT131VV CTRL SIGN.,0,100,%open,3,P2C1,3,1204,0.001335185,0x27004b4,4,5,2,0.1,0.1,0,4,
307,0,HZRCP028MT,LOOP1 HOT LEG TEMP,95,255,次,3,P2C1,3,1208,221.4327,0x27004b8,4,5,3,0.1,0.1,0,4,
308,0,HZRCP240MY1,RCP002PO SPEED,0,1800,RPM,3,P2C1,3,1212,1486.657,0x27004bc,4,5,4,0.1,0.1,0,4,
309,1,HZRPN024MA1,COUNT RATE,0,6.20412,-,3,P2C1,3,1216,8.28E-05,0x27004c0,4,5,5,0.1,0.1,0,4,
310,1,HZRPN020MAHV,PR DETECTOR H.V.,0,1000,V,3,P2C1,3,1220,1000.019,0x27004c4,4,5,6,0.1,0.1,0,4,
311,0,HZRCP029MT,LOOP1 COLD LEG TEMP,95,255,次,3,P2C1,3,1280,209.7899,0x2700500,4,6,1,0.1,0.1,0,4,
312,0,HZRCP010MT,PZR LIQUID ZONE TEMP.,95,255,次,3,P2C1,3,1284,227.9637,0x2700504,4,6,2,0.1,0.1,0,4,
313,0,HZRCP008MN,PRESSURIZER LEVEL,-6,3.8,m,3,P2C1,3,1288,0.1626095,0x2700508,4,6,3,0.1,0.1,0,4,
314,1,HZRPN024MADTR,SR PERIOD,-0.03333,0.33333,1/s,3,P2C1,3,1292,-7.01E-05,0x270050c,4,6,4,0.1,0.1,0,4,
315,0,HZRPN020MAAPR1,AVERAGE POWER LEVEL,0,200,%FP,3,P2C1,3,1296,99.75051,0x2700510,4,6,5,0.1,0.1,0,4,
316,0,HZRCP139MP,RRA SUCTION LINE P,0,20,MPa,3,P2C1,3,1360,15.57043,0x2700550,4,7,1,0.1,0.1,0,4,
317,0,HZRCP048MT1,LOOP2 BYP.C-LEG TEMP.,95,255,次,3,P2C1,3,1364,209.7594,0x2700554,4,7,2,0.1,0.1,0,4,
318,0,HZRCP045MT1,LOOP2 BYP.H-LEG TEMP.,95,255,次,3,P2C1,3,1368,221.3869,0x2700558,4,7,3,0.1,0.1,0,4,
319,1,HZRPN024MAHV,SR DETECTOR H.V.,0,2000,V,3,P2C1,3,1372,0.0267037,0x270055c,4,7,4,0.1,0.1,0,4,
320,0,HZRPN023MA11,IR FLUX LEVEL,-11,-3,-,3,P2C1,3,1376,-2.999847,0x2700560,4,7,5,0.1,0.1,0,4,
321,1,HZRPN425XU_MF,425XU MF for RPN403KA,-10000,10000,,3,P2C1,3,1140,-0.1525926,0x2700474,4,4,6,0.1,0.1,0,4,
#YJ5_4_A,,,,,,,,,,,,,,,,,,,,
322,0,HZARE055MN2,RCP1GV WATER LVL NR,-1.8,1.8,m,4,P2C2,4,960,-2.75E-05,0x2d003c0,4,2,1,0.1,0.1,0,4,
323,1,H5DVN002MD,STACK AIR FLOWRATE 2,0,1,-,4,P2C2,4,964,0.386597,0x2d003c4,4,2,2,0.1,0.1,0,4,
324,0,HZRCP006MP2,PRESSURIZER PRESSURE,11,18,MPa,4,P2C2,4,968,15.40487,0x2d003c8,4,2,3,0.1,0.1,0,4,
325,0,HZVVP007MP2,RCP001GV STEAM PRES.,0,10,MPa,4,P2C2,4,972,6.704669,0x2d003cc,4,2,4,0.1,0.1,0,4,
326,0,HZARE056MN2,RCP2GV WATER LVL NR,-1.8,1.8,m,4,P2C2,4,1040,-2.75E-05,0x2d00410,4,3,1,0.1,0.1,0,4,
327,0,HZPTR018MN,PTR 001BA LEVEL,0.5,16,m,4,P2C2,4,1044,15.57826,0x2d00414,4,3,2,0.1,0.1,0,4,
328,0,HZRPN020MAPR2,CORRECTED PR FLUX CHANGE RATE,-10,10,%FP,4,P2C2,4,1048,-0.000152593,0x2d00418,4,3,3,0.1,0.1,0,4,
329,0,HZVVP008MP,RCP002GV STEAM PRES.,0,10,MPa,4,P2C2,4,1052,6.704669,0x2d0041c,4,3,4,0.1,0.1,0,4,
330,0,HZARE057MN2,RCP3GV WATER LVL NR,-1.8,1.8,m,4,P2C2,4,1120,-2.75E-05,0x2d00460,4,4,1,0.1,0.1,0,4,
331,0,HZVVP009MP,RCP003GV STEAM PRES.,0,10,MPa,4,P2C2,4,1124,6.704669,0x2d00464,4,4,2,0.1,0.1,0,4,
332,1,H5KRT011MA,REACTOR CAVITY SURFACE GAMMA DOSE RATE,-6,0,-,4,P2C2,4,1128,-5.99992,0x2d00468,4,4,3,0.1,0.1,0,4,
333,1,H5KRT014MA,SPENT FUEL PIT GAMMA DOSE RATE,-6,0,-,4,P2C2,4,1132,-5.99992,0x2d0046c,4,4,4,0.1,0.1,0,4,
334,0,H5KRT032MA1,SG 2 COOLANT LEAK RATE,-1,3.69897,-,4,P2C2,4,1200,-0.9999372,0x2d004b0,4,5,1,0.1,0.1,0,4,
335,0,H5KRT032MA2,SG 2 STEAM AIR ACTIVITY,-0.30103,3.69897,-,4,P2C2,4,1204,-0.3009766,0x2d004b4,4,5,2,0.1,0.1,0,4,
336,0,HZRCP072MM,RCP019VP DISPL.MEAS.,0,17.5,mm,4,P2C2,4,1208,5.799942,0x2d004b8,4,5,3,0.1,0.1,0,4,
337,0,HZRCP048MT2,LOOP2 BYP.C-LEG TEMP.,95,255,次,4,P2C2,4,1212,209.7594,0x2d004bc,4,5,4,0.1,0.1,0,4,
338,0,HZRCP045MT2,LOOP2 BYP.H-LEG TEMP.,95,255,次,4,P2C2,4,1216,221.3869,0x2d004c0,4,5,5,0.1,0.1,0,4,
339,1,HZRPN020MADPR,AXIAL POWER DEVIATION,-100,100,%FP,4,P2C2,4,1220,-6.028932,0x2d004c4,4,5,6,0.1,0.1,0,4,
340,0,H5KRT033MA1,SG 3 COOLANT LEAK RATE,-1,3.69897,-,4,P2C2,4,1280,-0.9999372,0x2d00500,4,6,1,0.1,0.1,0,4,
341,0,H5KRT033MA2,SG 3 STEAM AIR ACTIVITY,-0.30103,3.69897,-,4,P2C2,4,1284,-0.3009766,0x2d00504,4,6,2,0.1,0.1,0,4,
342,0,HZRCP240MY2,RCP002PO SPEED,0,1800,RPM,4,P2C2,4,1288,1486.657,0x2d00508,4,6,3,0.1,0.1,0,4,
343,0,HZRCP075MM,RCP022VP DISPL.MEAS.,0,17.5,mm,4,P2C2,4,1292,0.000233657,0x2d0050c,4,6,4,0.1,0.1,0,4,
344,1,HZRPN023MACV,IR DETECTOR COMP. H.V.,0,150,V,4,P2C2,4,1296,99.9978,0x2d00510,4,6,5,0.1,0.1,0,4,
345,1,HZRPN023MADTR,IR PERIOD,-0.03333,0.33333,1/s,4,P2C2,4,1300,0.001083889,0x2d00514,4,6,6,0.1,0.1,0,4,
346,0,HZETY102MP2,CONTAINMENT PRES.,0,600,kPa.A,4,P2C2,4,1360,97.91521,0x2d00550,4,7,1,0.1,0.1,0,4,
347,1,H5KRT019MA,CONTROL ROOM AIR GAMMA DOSE RATE,-7,-1,-,4,P2C2,4,1364,-6.99992,0x2d00554,4,7,2,0.1,0.1,0,4,
348,0,H5KRT034MA1,SG 1 COOLANT LEAK RATE,-1,3.69897,-,4,P2C2,4,1368,-0.9999372,0x2d00558,4,7,3,0.1,0.1,0,4,
349,0,H5KRT034MA2,SG 1 STEAM AIR ACTIVITY,-0.30103,3.69897,-,4,P2C2,4,1372,-0.3009766,0x2d0055c,4,7,4,0.1,0.1,0,4,
350,1,HZRPN023MAHV,IR DETECTOR H.V.,0,1000,V,4,P2C2,4,1376,1000.019,0x2d00560,4,7,5,0.1,0.1,0,4,
351,1,HZRRA041MM,RRA121VP DISPL.MEAS,0,16.5,mm,4,P2C2,4,1380,5.209658,0x2d00564,4,7,6,0.1,0.1,0,4,
352,0,H5KRT023MA,REACTOR BUILDING POST ACCIDENT GAMMA DOSE RATE,-3,5,-,4,P2C2,4,1440,-2.999893,0x2d005a0,4,8,1,0.1,0.1,0,4,
353,1,H5KRT017MA1,STACK AIR GASES LOW RANGE ACTIVITY,3.5682,9.5682,-,4,P2C2,4,1444,3.56828,0x2d005a4,4,8,2,0.1,0.1,0,4,
354,1,H5KRT021MA,STACK AIR GASES HIGH RANGE ACTIVITY,8.5682,15.5682,-,4,P2C2,4,1448,8.568294,0x2d005a8,4,8,3,0.1,0.1,0,4,
355,0,HZRPN023MA12,IR FLUX LEVEL,-11,-3,-,4,P2C2,4,1452,-2.999847,0x2d005ac,4,8,4,0.1,0.1,0,4,
356,0,HZRPN020MAAPR2,AVERAGE POWER LEVEL,0,200,%FP,4,P2C2,4,1456,99.75051,0x2d005b0,4,8,5,0.1,0.1,0,4,
357,1,HZRRA043MM,RRA115VP DISPL.MEAS,0,16.5,mm,4,P2C2,4,1460,0.000220306,0x2d005b4,4,8,6,0.1,0.1,0,4,
#YJ5_5_A,,,,,,,,,,,,,,,,,,,,
358,0,HZARE052MN,RCP1GV WATER LVL NR,-1.8,1.8,m,5,P3C1,5,960,-2.75E-05,0x33003c0,4,2,1,0.1,0.1,0,4,
359,0,HZASG002MD,SG2 MAFP FLOW(WR),0,1,-,5,P3C1,5,964,1.34E-05,0x33003c4,4,2,2,0.1,0.1,0,4,
360,0,HZASG022MD,SG2 TAFP FLOW(WR),0,1,-,5,P3C1,5,968,1.34E-05,0x33003c8,4,2,3,0.1,0.1,0,4,
361,0,HZEAS003MN,RCIRULG.SUMP LEVEL,-3.4,-1,m,5,P3C1,5,972,-3.399968,0x33003cc,4,2,4,0.1,0.1,0,4,
362,0,HZGRE023MP1,TURB.ADMSN.PRES.,0.11,7.6,MPa,5,P3C1,5,976,6.030416,0x33003d0,4,2,5,0.1,0.1,0,4,
363,0,HZRCP027MD,LOOP1 FLOW,0,1,-,5,P3C1,5,980,0.6955969,0x33003d4,4,2,6,0.1,0.1,0,4,
364,0,HZARE053MN,RCP2GV WATER LVL NR,-1.8,1.8,m,5,P3C1,5,1040,-2.75E-05,0x3300410,4,3,1,0.1,0.1,0,4,
365,0,HZARE050MD,GV2 FEEDWATER FLOW,0,1,-,5,P3C1,5,1044,1.000019,0x3300414,4,3,2,0.1,0.1,0,4,
366,0,HZEAS007MD,CONT.SPRAY FLOW,0,1,-,5,P3C1,5,1048,1.34E-05,0x3300418,4,3,3,0.1,0.1,0,4,
367,0,HZRCP042MD,LOOP2 FLOW,0,1,-,5,P3C1,5,1052,0.6954539,0x330041c,4,3,4,0.1,0.1,0,4,
368,0,HZRRA006MD,RRA FLOW,0,1,-,5,P3C1,5,1056,1.34E-05,0x3300420,4,3,5,0.1,0.1,0,4,
369,0,HZVVP011MP1,RCP002GV STEAM PRES.,0,10,MPa,5,P3C1,5,1060,6.704669,0x3300424,4,3,6,0.1,0.1,0,4,
370,0,HZARE054MN,RCP3GV WATER LVL NR,-1.8,1.8,m,5,P3C1,5,1120,-2.75E-05,0x3300460,4,4,1,0.1,0.1,0,4,
371,0,HZRCP054MD,LOOP3 FLOW,0,1,-,5,P3C1,5,1124,0.6951201,0x3300464,4,4,2,0.1,0.1,0,4,
372,0,HZRCP013MP1,PRESSURIZER PRESSURE,11,18,MPa,5,P3C1,5,1128,15.40487,0x3300468,4,4,3,0.1,0.1,0,4,
373,0,HZRCV011MN,RCV002BA LEVEL,0.8,2.15,m,5,P3C1,5,1132,1.193735,0x330046c,4,4,4,0.1,0.1,0,4,
374,0,HZRPN030MAPR1,Corrected PR flux change rate,-10,10,%FP,5,P3C1,5,1136,-0.000152593,0x3300470,4,4,5,0.1,0.1,0,4,
375,0,HZRRI015MN,001BA LVL,0,1.79,m,5,P3C1,5,1140,1.63332,0x3300474,4,4,6,0.1,0.1,0,4,
376,0,HZETY103MP1,CONTAINMENT PRES.,0,600,kPa.A,5,P3C1,5,1200,97.91521,0x33004b0,4,5,1,0.1,0.1,0,4,
377,0,HZGCT406RC1,GCT132VV CTRL SIGN.,0,100,%,5,P3C1,5,1204,0.001335185,0x33004b4,4,5,2,0.1,0.1,0,4,
378,0,HZRRA030MT,RRA001/002RF UPSTR. TEMP.,95,255,次,5,P3C1,5,1208,109.8723,0x33004b8,4,5,3,0.1,0.1,0,4,
379,0,HZRRA031MT,RRA001/002RF D.STM. TEMP.,95,255,次,5,P3C1,5,1212,107.7894,0x33004bc,4,5,4,0.1,0.1,0,4,
380,0,H5KRT002MA,APG SG2 Gamma Activity,3.568,9.568,-,5,P3C1,5,1280,3.56808,0x3300500,4,6,1,0.1,0.1,0,4,
381,0,H5KRT003MA,APG SG3 Gamma Activity,3.568,9.568,-,5,P3C1,5,1284,3.56808,0x3300504,4,6,2,0.1,0.1,0,4,
382,0,H5KRT004MA,APG SG1 Gamma Activity,3.568,9.568,-,5,P3C1,5,1288,3.56808,0x3300508,4,6,3,0.1,0.1,0,4,
383,1,H5KRT017MA,Stack Air Gases Low Range Activity,3.568,9.568,-,5,P3C1,5,1292,3.56808,0x330050c,4,6,4,0.1,0.1,0,4,
384,0,HZRPN030MAAPR1,Average Power Level,0,200,%FP,5,P3C1,5,1296,99.86495,0x3300510,4,6,5,0.1,0.1,0,4,
385,1,H5KRT021MA,Stack Air Gases High Range Activity,8.568,15.568,-,5,P3C1,5,1360,8.568294,0x3300550,4,7,1,0.1,0.1,0,4,
386,1,H5KRT018MA,Control Room Air Gamma Dose Rate,-7,-1,-,5,P3C1,5,1364,-6.99992,0x3300554,4,7,2,0.1,0.1,0,4,
387,0,HZRCP340MY1,RCP003PO SPEED,0,1800,RPM,5,P3C1,5,1368,1486.657,0x3300558,4,7,3,0.1,0.1,0,4,
388,0,HZRCP060MT1,LOOP3 BYP.C-LEG TEMP.,95,255,次,5,P3C1,5,1372,209.767,0x330055c,4,7,4,0.1,0.1,0,4,
389,0,HZRCP057MT1,LOOP3 BYP.H-LEG TEMP.,95,255,次,5,P3C1,5,1376,221.4174,0x3300560,4,7,5,0.1,0.1,0,4,
390,0,HZRCP137MP,RRA SUCTION LINE P,0,20,MPa,5,P3C1,5,1440,15.57043,0x33005a0,4,8,1,0.1,0.1,0,4,
391,0,HZRCP055MT,LOOP3 HOT LEG TEMP.,95,255,次,5,P3C1,5,1444,221.448,0x33005a4,4,8,2,0.1,0.1,0,4,
392,0,HZRCP056MT,LOOP3 COLD LEG TEMP.,95,255,次,5,P3C1,5,1448,209.7899,0x33005a8,4,8,3,0.1,0.1,0,4,
393,0,HZRCP007MN,PRESSURIZER LEVEL,-6,3.8,m,5,P3C1,5,1452,0.1626095,0x33005ac,4,8,4,0.1,0.1,0,4,
394,1,HZRPN030MAHV,PR Detector H.V.,0,1000,V,5,P3C1,5,1456,1000.019,0x33005b0,4,8,5,0.1,0.1,0,4,
#YJ5_6_A,,,,,,,,,,,,,,,,,,,,
395,0,HZARE043MD,SG1 FEEDWATER FLOW,0,1,-,6,P3C2,6,960,0.6395668,0x39003c0,4,2,1,0.1,0.1,0,4,
396,0,HZRPN030MAPR2,Corrected PR flux change rate,-10,10,%FP,6,P3C2,6,964,-0.000152593,0x39003c4,4,2,2,0.1,0.1,0,4,
397,0,HZVVP004MD,RCP001GV STEAM FLOW,0,100,%,6,P3C2,6,968,61.52951,0x39003c8,4,2,3,0.1,0.1,0,4,
398,0,HZVVP010MP,RCP001GV STEAM PRES.,0,10,MPa,6,P3C2,6,972,6.704669,0x39003cc,4,2,4,0.1,0.1,0,4,
399,0,HZARE044MD,SG2 FEEDWATER FLOW,0,1,-,6,P3C2,6,1040,0.6381363,0x3900410,4,3,1,0.1,0.1,0,4,
400,1,H5DVN001MD,STACK AIR FLOWRATE 1,0,1,-,6,P3C2,6,1044,0.386597,0x3900414,4,3,2,0.1,0.1,0,4,
401,0,HZVVP005MD,RCP002GV STEAM FLOW,0,100,%,6,P3C2,6,1048,61.39122,0x3900418,4,3,3,0.1,0.1,0,4,
402,0,HZVVP011MP2,RCP002GV STEAM PRES.,0,10,MPa,6,P3C2,6,1052,6.704669,0x390041c,4,3,4,0.1,0.1,0,4,
403,0,HZARE045MD,SG3 FEEDWATER FLOW,0,1,-,6,P3C2,6,1120,0.6406159,0x3900460,4,4,1,0.1,0.1,0,4,
404,0,HZRCP013MP2,PRESSURIZER PRESSURE,11,18,MPa,6,P3C2,6,1124,15.40487,0x3900464,4,4,2,0.1,0.1,0,4,
405,0,HZVVP006MD,RCP003GV STEAM FLOW,0,100,%,6,P3C2,6,1128,61.63919,0x3900468,4,4,3,0.1,0.1,0,4,
406,0,HZGRE023MP2,TURB.ADMSN.PRES.,0.11,7.6,MPa,6,P3C2,6,1200,6.030416,0x39004b0,4,5,1,0.1,0.1,0,4,
407,0,HZPTR019MN,PTR 001BA LEVEL,0.5,16,m,6,P3C2,6,1204,15.57826,0x39004b4,4,5,2,0.1,0.1,0,4,
408,0,HZVVP012MP,RCP003GV STEAM PRES.,0,10,MPa,6,P3C2,6,1208,6.704669,0x39004b8,4,5,3,0.1,0.1,0,4,
409,0,HZETY103MP2,CONTAINMENT PRES.,0,600,kPa.A,6,P3C2,6,1280,97.91521,0x3900500,4,6,1,0.1,0.1,0,4,
410,0,HZRCP060MT2,LOOP3 BYP. C-LEG TEMP.,95,255,次,6,P3C2,6,1284,209.767,0x3900504,4,6,2,0.1,0.1,0,4,
411,0,HZRCP057MT2,LOOP3 BYP. H-LEG TEMP.,95,255,次,6,P3C2,6,1288,221.4174,0x3900508,4,6,3,0.1,0.1,0,4,
412,1,H5KRT012MA,Reactor Fuel Bridge Gamma Dose Rate,-6,0,-,6,P3C2,6,1292,-5.99992,0x390050c,4,6,4,0.1,0.1,0,4,
413,1,H5KRT013MA,Spent Fuel Bridge Gamma Dose Rate,-6,0,-,6,P3C2,6,1296,-5.99992,0x3900510,4,6,5,0.1,0.1,0,4,
414,0,H5KRT022MA,Reactor Building Post Accident Gamma Dose Rate,-3,5,-,6,P3C2,6,1360,-2.999893,0x3900550,4,7,1,0.1,0.1,0,4,
415,0,HZRCP340MY2,RCP003PO SPEED,0,1800,RPM,6,P3C2,6,1364,1486.657,0x3900554,4,7,2,0.1,0.1,0,4,
416,0,HZRPN030MAAPR2,Average Power Level,0,200,%FP,6,P3C2,6,1368,99.86495,0x3900558,4,7,3,0.1,0.1,0,4,
417,1,HZRPN030MADPR,Axial Power Deviation,-100,100,%FP,6,P3C2,6,1372,-6.057543,0x390055c,4,7,4,0.1,0.1,0,4,
#YJ5_7_A,,,,,,,,,,,,,,,,,,,,
418,0,HZARE010MN,RCP1GV WATER LVL NR,-1.8,1.8,m,7,P4C1,7,960,-2.75E-05,0x3f003c0,4,2,1,0.1,0.1,0,4,
419,0,HZARE051MD,GV3 FEEDWATER FLOW,0,1,-,7,P4C1,7,964,1.000019,0x3f003c4,4,2,2,0.1,0.1,0,4,
420,0,HZARE061MN,RCP1GV WATER LVL WR,-12.65,3.25,m,7,P4C1,7,968,-1.502816,0x3f003c8,4,2,3,0.1,0.1,0,4,
421,0,HZASG011MN,001BA LEVEL,0.3,15.4,m,7,P4C1,7,972,13.40072,0x3f003cc,4,2,4,0.1,0.1,0,4,
422,0,HZEAS004MN,RCIRULG.SUMP LEVEL,-3.4,-1,m,7,P4C1,7,976,-3.399968,0x3f003d0,4,2,5,0.1,0.1,0,4,
423,0,HZRIS001MD,HHSI FROM RIS004BA F,0,1,-,7,P4C1,7,980,1.34E-05,0x3f003d4,4,2,6,0.1,0.1,0,4,
424,1,HZRCP093MN,REACTOR VSL LVL-WR,-140,270,kPa,7,P4C1,7,984,137.7654,0x3f003d8,4,2,7,0.1,0.1,0,4,
425,0,HZARE020MN,RCP2GV WATER LVL NR,-1.8,1.8,m,7,P4C1,7,1040,-2.75E-05,0x3f00410,4,3,1,0.1,0.1,0,4,
426,0,HZARE062MN,RCP2GV WATER LVL WR,-12.65,3.25,m,7,P4C1,7,1044,-1.502816,0x3f00414,4,3,2,0.1,0.1,0,4,
427,0,HZEAS008MD,CONT.SPRAY FLOW,0,1,-,7,P4C1,7,1048,1.34E-05,0x3f00418,4,3,3,0.1,0.1,0,4,
428,0,HZRPN040MAPR1,PR FLUX CHANGE RATE,-10,10,%FP,7,P4C1,7,1056,-0.000152593,0x3f00420,4,3,5,0.1,0.1,0,4,
429,1,HZRCP095MN,REACTOR VSL LVL-REF,-140,-26.5,kPa,7,P4C1,7,1060,-117.7595,0x3f00424,4,3,6,0.1,0.1,0,4,
430,0,HZARE030MN,RCP3GV WATER LVL NR,-1.8,1.8,m,7,P4C1,7,1120,-2.75E-05,0x3f00460,4,4,1,0.1,0.1,0,4,
431,0,HZARE063MN,RCP3GV WATER LVL WR,-12.65,3.25,m,7,P4C1,7,1124,-1.502816,0x3f00464,4,4,2,0.1,0.1,0,4,
432,0,HZGRE024MP1,TURB.ADMSN.PRES.,0.11,7.6,MPa,7,P4C1,7,1128,6.030416,0x3f00468,4,4,3,0.1,0.1,0,4,
433,0,HZRIS002MD,HHSI RIS004BA BYPASS F,0,1,-,7,P4C1,7,1132,1.34E-05,0x3f0046c,4,4,4,0.1,0.1,0,4,
434,0,HZRRA032MD,RRA FLOW,0,1,-,7,P4C1,7,1136,1.34E-05,0x3f00470,4,4,5,0.1,0.1,0,4,
435,0,HZRCP091MN,REACTOR VSL LVL-NR,-110,40,kPa,7,P4C1,7,1140,39.90272,0x3f00474,4,4,6,0.1,0.1,0,4,
436,0,HZETY104MP1,CONTAINMENT PRES.,0,600,kPa.A,7,P4C1,7,1200,97.91521,0x3f004b0,4,5,1,0.1,0.1,0,4,
437,0,HZRCP037MP,RRA SUCTION LINE P,0,20,MPa,7,P4C1,7,1204,15.57043,0x3f004b4,4,5,2,0.1,0.1,0,4,
438,0,HZRPN040MAAPR1,AVERAGE POWER LEVEL,0,200,%FP,7,P4C1,7,1208,99.80773,0x3f004b8,4,5,3,0.1,0.1,0,4,
439,1,HZRPN040MAHV,PR DETECTOR H.V.,0,1000,V,7,P4C1,7,1212,1000.019,0x3f004bc,4,5,4,0.1,0.1,0,4,
440,0,HZETY002MT,CONTAINMENT DOME TEMPERATURE(PAMS),95,255,次,7,P4C1,7,1216,115.2741,0x3f004c0,4,5,5,0.1,0.1,0,4,
441,0,HZRRA007MT,RRA001/002RF D.STM TEMP.,95,255,次,7,P4C1,7,1220,107.7894,0x3f004c4,4,5,6,0.1,0.1,0,4,
442,0,HZGCT409RC1,GCT133VV CTRL SIGN.,0,100,%,7,P4C1,7,1224,0.001335185,0x3f004c8,4,5,7,0.1,0.1,0,4,
443,0,HZRRA005MT,RRA001/002RF UPSTR TEMP.,95,255,次,7,P4C1,7,1228,109.8723,0x3f004cc,4,5,8,0.1,0.1,0,4,
444,1,HZRRI013MN,001BA LVL,0,1.79,m,7,P4C1,7,1284,1.63332,0x3f00504,4,6,2,0.1,0.1,0,4,
445,0,HZVVP015MP1,RCP003GV STEAM PRES.,0,10,MPa,7,P4C1,7,1288,6.704669,0x3f00508,4,6,3,0.1,0.1,0,4,
#YJ5_8_A,,,,,,,,,,,,,,,,,,,,
446,0,HZARE046MD,SG1 FEEDWATER FLOW,0,1,-,8,P4C2,8,960,0.6395668,0x45003c0,4,2,1,0.1,0.1,0,4,
447,0,HZRPN040MAPR2,PR FLUX CHANGE RATE,-10,10,%FP,8,P4C2,8,964,-0.000152593,0x45003c4,4,2,2,0.1,0.1,0,4,
448,0,HZVVP001MD2,RCP001GV STEAM FLOW,0,100,%,8,P4C2,8,968,61.52951,0x45003c8,4,2,3,0.1,0.1,0,4,
449,0,HZVVP013MP,RCP001GV STEAM PRES.,0,10,MPa,8,P4C2,8,972,6.704669,0x45003cc,4,2,4,0.1,0.1,0,4,
450,0,HZARE047MD,SG2 FEEDWATER FLOW,0,1,-,8,P4C2,8,1040,0.6381363,0x4500410,4,3,1,0.1,0.1,0,4,
451,0,HZPTR020MN,PTR 001BA LEVEL,0.5,16,m,8,P4C2,8,1044,15.57826,0x4500414,4,3,2,0.1,0.1,0,4,
452,0,HZVVP002MD2,RCP002GV STEAM FLOW,0,100,%,8,P4C2,8,1048,61.39122,0x4500418,4,3,3,0.1,0.1,0,4,
453,0,HZVVP014MP,RCP002GV STEAM PRES.,0,10,MPa,8,P4C2,8,1052,6.704669,0x450041c,4,3,4,0.1,0.1,0,4,
454,0,HZARE048MD,SG3 FEEDWATER FLOW,0,1,-,8,P4C2,8,1120,0.6406159,0x4500460,4,4,1,0.1,0.1,0,4,
455,0,HZVVP003MD2,RCP003GV STEAM FLOW,0,100,%,8,P4C2,8,1124,61.63919,0x4500464,4,4,2,0.1,0.1,0,4,
456,0,HZVVP015MP2,RCP003GV STEAM PRES.,0,10,MPa,8,P4C2,8,1128,6.704669,0x4500468,4,4,3,0.1,0.1,0,4,
457,0,HZETY104MP2,CONTAINMENT PRES.,0,600,kPa.A,8,P4C2,8,1200,97.91521,0x45004b0,4,5,1,0.1,0.1,0,4,
458,0,HZRPN040MAAPR2,AVERAGE POWER LEVEL,0,200,%FP,8,P4C2,8,1204,99.80773,0x45004b4,4,5,2,0.1,0.1,0,4,
459,1,HZRPN040MADPR,AXIAL POWER DEVIATION,-100,100,%FP,8,P4C2,8,1208,-5.952635,0x45004b8,4,5,3,0.1,0.1,0,4,
460,0,HZGRE024MP2,TURB.ADMSN.PRES.,0.11,7.6,MPa,8,P4C2,8,1280,6.030416,0x4500500,4,6,1,0.1,0.1,0,4,
#YJ5_11,,,,,,,,,,,,,,,,,,,,
#YJ5_12,,,,,,,,,,,,,,,,,,,,
#YJ5_13_A,,,,,,,,,,,,,,,,,,,,
#YJ5_14_A,,,,,,,,,,,,,,,,,,,,
#YJ5_15_A,,,,,,,,,,,,,,,,,,,,
#YJ5_16_A,,,,,,,,,,,,,,,,,,,,
461,1,HZASG011MD,SG1 MAFP FLOW(NR),0,1,-,28,SRC_A4,16,480,1.34E-05,0x69001e0,1,8,1,0.1,0.1,0,4,
462,1,HZASG033MD,SG3 TAFP FLOW(NR),0,1,-,28,SRC_A4,16,484,1.34E-05,0x69001e4,1,8,2,0.1,0.1,0,4,
463,0,HZRCV005MD,LETDOWN FLOW,0,1,-,28,SRC_A4,16,488,0.2139767,0x69001e8,1,8,3,0.1,0.1,0,4,
464,0,HZREA060MD,DIRECT BOR. LINE FL.,0,1,-,28,SRC_A4,16,492,1.34E-05,0x69001ec,1,8,4,0.1,0.1,0,4,
465,1,HZRRI151MD,NO.1 THML BARR. FLW,0,1,-,28,SRC_A4,16,496,0.09967536,0x69001f0,1,8,5,0.1,0.1,0,4,
466,0,HZRCP090MN,REACTOR VSL LVL-NR,-110,40,kPa,28,SRC_A4,16,500,39.90272,0x69001f4,1,8,6,0.1,0.1,0,4,
467,0,HZDVD001MT,DG ROOM AIR TEMP.,95,255,次,28,SRC_A4,16,512,112.2604,0x6900200,1,8,9,0.1,0.1,0,4,
468,0,HZASG012VDC2,012VD CTRL CMD,0,100,%,28,SRC_A4,16,516,0.001335185,0x6900204,1,8,10,0.1,0.1,0,4,
469,0,HZRRA013VPC4,013VP ANL CTRL SIGN,0,100,%,28,SRC_A4,16,520,0.001335185,0x6900208,1,8,11,0.1,0.1,0,4,
470,1,HZASG012MD,SG2 MAFP FLOW(NR),0,1,-,28,SRC_A4,16,560,1.34E-05,0x6900230,1,9,1,0.1,0.1,0,4,
471,1,HZASG031MD,SG1 TAFP FLOW(NR),0,1,-,28,SRC_A4,16,564,1.34E-05,0x6900234,1,9,2,0.1,0.1,0,4,
472,0,HZRCV018MD,CHARGING FLOW,0,1,-,28,SRC_A4,16,568,0.08727721,0x6900238,1,9,3,0.1,0.1,0,4,
473,1,HZRRI153MD,NO.2 THML BARR. FLW,0,1,-,28,SRC_A4,16,572,0.1040147,0x690023c,1,9,4,0.1,0.1,0,4,
474,0,HZRRA004MP,RRA PMP DISCHG. PRES.,0,5,MPa,28,SRC_A4,16,576,0.1338237,0x6900240,1,9,5,0.1,0.1,0,4,
475,0,HZRRA006MD,RRA FLOW,0,1,-,28,SRC_A4,16,580,1.34E-05,0x6900244,1,9,6,0.1,0.1,0,4,
476,0,HZDVD002MT,DG ROOM AIR TEMP.,95,255,次,28,SRC_A4,16,592,112.2604,0x6900250,1,9,9,0.1,0.1,0,4,
477,0,HZASG014VDC2,014VD CTRL CMD,0,100,%,28,SRC_A4,16,596,0.001335185,0x6900254,1,9,10,0.1,0.1,0,4,
478,0,HZRRA024VPC2,024VP ANL CTRL SIGN.,0,100,%,28,SRC_A4,16,600,69.9984,0x6900258,1,9,11,0.1,0.1,0,4,
479,0,HZRCV061VPC2,061VP ANLOG CTRL CMD,0,100,%,28,SRC_A4,16,604,34.99748,0x690025c,1,9,12,0.1,0.1,0,4,
480,1,HZASG013MD,SG3 MAFP FLOW(NR),0,1,-,28,SRC_A4,16,640,1.34E-05,0x6900280,1,10,1,0.1,0.1,0,4,
481,1,HZASG032MD,SG2 TAFP FLOW(NR),0,1,-,28,SRC_A4,16,644,1.34E-05,0x6900284,1,10,2,0.1,0.1,0,4,
482,1,HZRRI155MD,NO.3 THML BARR. FLW,0,1,-,28,SRC_A4,16,652,0.1040147,0x690028c,1,10,4,0.1,0.1,0,4,
483,0,HZDVD003MT,DG ROOM AIR TEMP.,95,255,次,28,SRC_A4,16,672,112.2604,0x69002a0,1,10,9,0.1,0.1,0,4,
484,0,HZASG016VDC2,016VD CTRL CMD,0,100,%,28,SRC_A4,16,676,0.001335185,0x69002a4,1,10,10,0.1,0.1,0,4,
485,0,HZRCV046VPC2,046VP ANLOG CTRL CMD,0,100,%,28,SRC_A4,16,680,59.54104,0x69002a8,1,10,11,0.1,0.1,0,4,
#YJ5_17_A,,,,,,,,,,,,,,,,,,,,
486,0,HZRIC035MT,CORE HEAD TEMP.,-10,60,mV,29,CCMS_A,17,0,11.95137,0x6f00000,3,2,1,0.1,0.1,0,4,
487,0,HZRIC001MT,CORE OUTLET TEMP.,-10,60,mV,29,CCMS_A,17,4,13.22647,0x6f00004,3,2,2,0.1,0.1,0,4,
488,0,HZRIC003MT,CORE OUTLET TEMP.,-10,60,mV,29,CCMS_A,17,8,13.24984,0x6f00008,3,2,3,0.1,0.1,0,4,
489,0,HZRIC005MT,CORE OUTLET TEMP.,-10,60,mV,29,CCMS_A,17,12,13.24984,0x6f0000c,3,2,4,0.1,0.1,0,4,
490,0,HZRIC008MT,CORE OUTLET TEMP.,-10,60,mV,29,CCMS_A,17,16,13.33329,0x6f00010,3,2,5,0.1,0.1,0,4,
491,0,HZRIC041MT,TEMPERATURE COLD COMPENSATION,95,255,次,29,CCMS_A,17,20,100.0987,0x6f00014,3,2,6,0.1,0.1,0,4,
492,0,HZRCP090MN,REACTOR VSL LVL-NR,-110,40,kPa,29,CCMS_A,17,32,39.90272,0x6f00020,3,2,9,0.1,0.1,0,4,
493,0,HZRCP094MN,REACTOR VSL LVL-REF,-140,-26.5,kPa,29,CCMS_A,17,40,-117.7595,0x6f00028,3,2,11,0.1,0.1,0,4,
494,0,HZRCP039MP,RRA SUCTION LINE P,0,20,MPa,29,CCMS_A,17,44,15.57043,0x6f0002c,3,2,12,0.1,0.1,0,4,
495,0,HZETY101MP,CONTAINMENT PRES.,0,600,kPa.A,29,CCMS_A,17,48,97.91521,0x6f00030,3,2,13,0.1,0.1,0,4,
496,0,HZASG013VDC2,013VD CTRL CMD,0,100,%,29,CCMS_A,17,52,0.001335185,0x6f00034,3,2,14,0.1,0.1,0,4,
497,0,HZRIC010MT,CORE OUTLET TEMP.,-10,60,mV,29,CCMS_A,17,80,13.59365,0x6f00050,3,3,1,0.1,0.1,0,4,
498,0,HZRIC012MT,CORE OUTLET TEMP.,-10,60,mV,29,CCMS_A,17,84,13.32327,0x6f00054,3,3,2,0.1,0.1,0,4,
499,0,HZRIC014MT,CORE OUTLET TEMP.,-10,60,mV,29,CCMS_A,17,88,13.22647,0x6f00058,3,3,3,0.1,0.1,0,4,
500,0,HZRIC016MT,CORE OUTLET TEMP.,-10,60,mV,29,CCMS_A,17,92,13.59365,0x6f0005c,3,3,4,0.1,0.1,0,4,
501,0,HZRIC018MT,CORE OUTLET TEMP.,-10,60,mV,29,CCMS_A,17,96,13.58364,0x6f00060,3,3,5,0.1,0.1,0,4,
502,0,HZRIC020MT,CORE OUTLET TEMP.,-10,60,mV,29,CCMS_A,17,100,13.25985,0x6f00064,3,3,6,0.1,0.1,0,4,
503,0,HZRIC022MT,CORE OUTLET TEMP.,-10,60,mV,29,CCMS_A,17,104,13.51354,0x6f00068,3,3,7,0.1,0.1,0,4,
504,0,HZRIC024MT,CORE OUTLET TEMP.,-10,60,mV,29,CCMS_A,17,108,13.5102,0x6f0006c,3,3,8,0.1,0.1,0,4,
505,0,HZRIC026MT,CORE OUTLET TEMP.,-10,60,mV,29,CCMS_A,17,112,13.51354,0x6f00070,3,3,9,0.1,0.1,0,4,
506,0,HZRIC028MT,CORE OUTLET TEMP.,-10,60,mV,29,CCMS_A,17,116,13.21646,0x6f00074,3,3,10,0.1,0.1,0,4,
507,0,HZRIC043MT,TEMPERATURE COLD COMPENSATION,95,255,次,29,CCMS_A,17,120,100.0987,0x6f00078,3,3,11,0.1,0.1,0,4,
508,0,HZASG015VDC2,015VD CTRL CMD,0,100,%,29,CCMS_A,17,124,0.001335185,0x6f0007c,3,3,12,0.1,0.1,0,4,
509,0,HZRIC030MT,CORE OUTLET TEMP.,-10,60,mV,29,CCMS_A,17,160,13.59031,0x6f000a0,3,4,1,0.1,0.1,0,4,
510,0,HZRIC032MT,CORE OUTLET TEMP.,-10,60,mV,29,CCMS_A,17,164,13.59031,0x6f000a4,3,4,2,0.1,0.1,0,4,
511,0,HZRIC034MT,CORE OUTLET TEMP.,-10,60,mV,29,CCMS_A,17,168,13.23983,0x6f000a8,3,4,3,0.1,0.1,0,4,
512,0,HZRIC037MT,CORE OUTLET TEMP.,-10,60,mV,29,CCMS_A,17,172,13.38336,0x6f000ac,3,4,4,0.1,0.1,0,4,
513,0,HZRIC039MT,CORE OUTLET TEMP.,-10,60,mV,29,CCMS_A,17,176,13.26987,0x6f000b0,3,4,5,0.1,0.1,0,4,
514,0,HZRIC045MT,TEMPERATURE COLD COMPENSATION,95,255,次,29,CCMS_A,17,180,100.0987,0x6f000b4,3,4,6,0.1,0.1,0,4,
515,1,HZLHA001MU,ENGINEERED SAFEGUARD FEATURE BOARD VOLTAGE,0,7.92,kV,29,CCMS_A,17,184,6.616446,0x6f000b8,3,4,7,0.1,0.1,0,4,
516,0,HZASG017VDC2,017VD CTRL CMD,0,100,%,29,CCMS_A,17,192,0.001335185,0x6f000c0,3,4,9,0.1,0.1,0,4,
517,1,HZDCL101MT,001RS D.STM AIR TEMP.,95,255,次,29,CCMS_A,17,196,100.0911,0x6f000c4,3,4,10,0.1,0.1,0,4,PT100
518,1,HZDCL103MT,001RS UPSTR. AIR TEMP.,95,255,次,29,CCMS_A,17,200,100.0987,0x6f000c8,3,4,11,0.1,0.1,0,4,PT100
#YJ5_18,,,,,,,,,,,,,,,,,,,,
#YJ5_19,,,,,,,,,,,,,,,,,,,,
#YJ5_20,,,,,,,,,,,,,,,,,,,,
#YJ5_33_A,,,,,,,,,,,,,,,,,,,,
#YJ5_41,,,,,,,,,,,,,,,,,,,,
#YJ5_42,,,,,,,,,,,,,,,,,,,,
#YJ5_43_A,,,,,,,,,,,,,,,,,,,,
#YJ5_44_A,,,,,,,,,,,,,,,,,,,,
#YJ5_45_A,,,,,,,,,,,,,,,,,,,,
#YJ5_47_A,,,,,,,,,,,,,,,,,,,,
519,0,HZRIC002MT,CORE HEAD TEMP.,-10,60,mV,58,CCMS_B,47,0,11.95137,0xab00000,3,2,1,0.1,0.1,0,4,
520,0,HZRIC004MT,CORE OUTLET TEMP.,-10,60,mV,58,CCMS_B,47,4,13.39337,0xab00004,3,2,2,0.1,0.1,0,4,
521,0,HZRIC006MT,CORE OUTLET TEMP.,-10,60,mV,58,CCMS_B,47,8,13.25318,0xab00008,3,2,3,0.1,0.1,0,4,
522,0,HZRIC007MT,CORE OUTLET TEMP.,-10,60,mV,58,CCMS_B,47,12,13.21646,0xab0000c,3,2,4,0.1,0.1,0,4,
523,0,HZRIC009MT,CORE OUTLET TEMP.,-10,60,mV,58,CCMS_B,47,16,13.59031,0xab00010,3,2,5,0.1,0.1,0,4,
524,0,HZRIC042MT,TEMPERATURE COLD COMPENSATION,95,255,次,58,CCMS_B,47,20,100.0987,0xab00014,3,2,6,0.1,0.1,0,4,
525,0,HZRCP091MN,REACTOR VSL LVL-NR,-110,40,kPa,58,CCMS_B,47,32,39.90272,0xab00020,3,2,9,0.1,0.1,0,4,
526,0,HZDVD004MT,DG ROOM AIR TEMP.,95,255,次,58,CCMS_B,47,52,112.2527,0xab00034,3,2,14,0.1,0.1,0,4,
527,1,HZDCL102MT,002RS D.STM AIR TEMP.,95,255,次,58,CCMS_B,47,56,100.0987,0xab00038,3,2,15,0.1,0.1,0,4,PT100
528,1,HZDCL104MT,002RS UPSTR.AIR TEMP.,95,255,次,58,CCMS_B,47,60,100.0987,0xab0003c,3,2,16,0.1,0.1,0,4,PT100
529,0,HZRIC011MT,CORE OUTLET TEMP.,-10,60,mV,58,CCMS_B,47,80,13.58697,0xab00050,3,3,1,0.1,0.1,0,4,
530,0,HZRIC013MT,CORE OUTLET TEMP.,-10,60,mV,58,CCMS_B,47,84,13.24984,0xab00054,3,3,2,0.1,0.1,0,4,
531,0,HZRIC015MT,CORE OUTLET TEMP.,-10,60,mV,58,CCMS_B,47,88,13.51354,0xab00058,3,3,3,0.1,0.1,0,4,
532,0,HZRIC017MT,CORE OUTLET TEMP.,-10,60,mV,58,CCMS_B,47,92,13.5102,0xab0005c,3,3,4,0.1,0.1,0,4,
533,0,HZRIC019MT,CORE OUTLET TEMP.,-10,60,mV,58,CCMS_B,47,96,13.52355,0xab00060,3,3,5,0.1,0.1,0,4,
534,0,HZRIC021MT,CORE OUTLET TEMP.,-10,60,mV,58,CCMS_B,47,100,13.22647,0xab00064,3,3,6,0.1,0.1,0,4,
535,0,HZRIC023MT,CORE OUTLET TEMP.,-10,60,mV,58,CCMS_B,47,104,13.59365,0xab00068,3,3,7,0.1,0.1,0,4,
536,0,HZRIC025MT,CORE OUTLET TEMP.,-10,60,mV,58,CCMS_B,47,108,13.58697,0xab0006c,3,3,8,0.1,0.1,0,4,
537,0,HZRIC027MT,CORE OUTLET TEMP.,-10,60,mV,58,CCMS_B,47,112,13.24984,0xab00070,3,3,9,0.1,0.1,0,4,
538,0,HZRIC029MT,CORE OUTLET TEMP.,-10,60,mV,58,CCMS_B,47,116,13.32327,0xab00074,3,3,10,0.1,0.1,0,4,
539,0,HZRIC044MT,TEMPERATURE COLD COMPENSATION,95,255,次,58,CCMS_B,47,120,100.0987,0xab00078,3,3,11,0.1,0.1,0,4,
540,0,HZDVD005MT,DG ROOM AIR TEMP.,95,255,次,58,CCMS_B,47,124,112.2527,0xab0007c,3,3,12,0.1,0.1,0,4,
541,0,HZRIC031MT,CORE OUTLET TEMP.,-10,60,mV,58,CCMS_B,47,160,13.59031,0xab000a0,3,4,1,0.1,0.1,0,4,
542,0,HZRIC033MT,CORE OUTLET TEMP.,-10,60,mV,58,CCMS_B,47,164,13.35332,0xab000a4,3,4,2,0.1,0.1,0,4,
543,0,HZRIC036MT,CORE OUTLET TEMP.,-10,60,mV,58,CCMS_B,47,168,13.25652,0xab000a8,3,4,3,0.1,0.1,0,4,
544,0,HZRIC038MT,CORE OUTLET TEMP.,-10,60,mV,58,CCMS_B,47,172,13.25652,0xab000ac,3,4,4,0.1,0.1,0,4,
545,0,HZRIC040MT,CORE OUTLET TEMP.,-10,60,mV,58,CCMS_B,47,176,13.21646,0xab000b0,3,4,5,0.1,0.1,0,4,
546,0,HZRIC046MT,TEMPERATURE COLD COMPENSATION,95,255,次,58,CCMS_B,47,180,100.0987,0xab000b4,3,4,6,0.1,0.1,0,4,
547,1,HZLHB001MU,ENGINEERED SAFEGUARD FEATURE BOARD VOLTAGE,0,7.92,kV,58,CCMS_B,47,184,6.701421,0xab000b8,3,4,7,0.1,0.1,0,4,
548,0,HZDVD006MT,DG ROOM AIR TEMP.,95,255,次,58,CCMS_B,47,192,112.2527,0xab000c0,3,4,9,0.1,0.1,0,4,
#YJ5_48,,,,,,,,,,,,,,,,,,,,
#YJ5_49,,,,,,,,,,,,,,,,,,,,
#YJ5_50,,,,,,,,,,,,,,,,,,,,
#YJ5_63_A,,,,,,,,,,,,,,,,,,,,
#From KDS,,,,,,,,,,,,,,,,,,,,
549,6,ZASG012VD_NC_IN2,ASG012VD DAC CONTROL,0,100,%open,38,SIMHW_SBA,38,1084,0.001335185,0x90043c,2,3,12,0.1,0.1,0,4,
550,6,ZASG014VD_NC_IN2,ASG014VD DAC CONTROL,0,100,%open,38,SIMHW_SBA,38,1092,0.001335185,0x900444,2,3,14,0.1,0.1,0,4,
551,6,ZASG016VD_NC_IN2,ASG016VD DAC CONTROL,0,100,%open,38,SIMHW_SBA,38,1100,0.001335185,0x90044c,2,3,16,0.1,0.1,0,4,
552,6,ZRCV061VP_NC_IN2,RCV061VP DAC CONTROL,0,100,%open,38,SIMHW_SBA,38,1124,34.99748,0x900464,2,4,2,0.1,0.1,0,4,
553,6,ZRCV046VP_NC_IN2,RCV046VP DAC CONTROL,0,100,%open,38,SIMHW_SBA,38,1132,59.54581,0x90046c,2,4,4,0.1,0.1,0,4,
554,6,ZRRA013VP_NC_IN2,RRA013VP DAC CONTROL,0,100,%open,38,SIMHW_SBA,38,1140,0.001335185,0x900474,2,4,6,0.1,0.1,0,4,
555,6,ZRRA024VP_NC_IN2,RRA024VP DAC CONTROL,0,100,%open,38,SIMHW_SBA,38,1148,69.9984,0x90047c,2,4,8,0.1,0.1,0,4,
556,6,ZGCT131VV_NC_IN2,GCT131VV DAC CONTROL,0,100,%open,120,SIMHW_RPC,118,11288,0.001335185,0x1502c18,4,11,3,0.1,0.1,0,4,
557,6,ZGCT132VV_NC_IN2,GCT132VV DAC CONTROL,0,100,%open,120,SIMHW_RPC,118,11300,0.001335185,0x1502c24,4,11,6,0.1,0.1,0,4,
558,6,ZGCT133VV_NC_IN2,GCT133VV DAC CONTROL,0,100,%open,120,SIMHW_RPC,118,11312,0.001335185,0x1502c30,4,11,9,0.1,0.1,0,4,
#From KDA,,,,,,,,,,,,,,,,,,,,
559,7,ZASG013VD_NC_IN1,ASG013VD SAC CONTROL,0,100,%open,38,SIMHW_SBA,38,1156,0.001335185,0x900484,2,4,10,0.1,0.1,0,4,
560,7,ZASG015VD_NC_IN1,ASG015VD SAC CONTROL,0,100,%open,38,SIMHW_SBA,38,1164,0.001335185,0x90048c,2,4,12,0.1,0.1,0,4,
561,7,ZASG017VD_NC_IN1,ASG017VD SAC CONTROL,0,100,%open,38,SIMHW_SBA,38,1172,0.001335185,0x900494,2,4,14,0.1,0.1,0,4,
562,7,ZGCT131VV_NC_IN1,GCT131VV SAC CONTROL,0,100,%open,120,SIMHW_RPC,118,11284,0.001335185,0x1502c14,4,11,2,0.1,0.1,0,4,
563,7,ZGCT132VV_NC_IN1,GCT132VV SAC CONTROL,0,100,%open,120,SIMHW_RPC,118,11296,0.001335185,0x1502c20,4,11,5,0.1,0.1,0,4,
564,7,ZGCT133VV_NC_IN1,GCT133VV SAC CONTROL,0,100,%open,120,SIMHW_RPC,118,11308,0.001335185,0x1502c2c,4,11,8,0.1,0.1,0,4,
#From NC DCS,,,,,,,,,,,,,,,,,,,,
565,3,HZRCV407CE,046VP CONTROL SIGNAL,0,100,%,28,SRC_A4,16,648,59.54104,0x6900288,1,10,3,0.1,0.1,0,4,
